strategyId,strategyName,strategyFamily,status,identitySource,sourceType,direction,timeframe,evidenceLevel,evidenceCompleteness,evidenceArtifactCount,tradeEvidenceAvailable,workflowRunId,failureCategory,failureSummary
freqtrade::AlphaPilotBatchA_EMATrendLong4H,AlphaPilotBatchA_EMATrendLong4H,AlphaPilotBatchA_EMATrendLong4H,archived_legacy_evidence,legacy_freqtrade_class,legacy_freqtrade_backtest,long_or_unspecified,,1,1.0,16,True,,,
freqtrade::AlphaPilotBatchB_EMATrendShort4H,AlphaPilotBatchB_EMATrendShort4H,AlphaPilotBatchB_EMATrendShort4H,archived_legacy_evidence,legacy_freqtrade_class,legacy_freqtrade_backtest,long_short,,1,1.0,17,True,,,
freqtrade::AlphaPilotBatchC_BreakoutRetestLong4H,AlphaPilotBatchC_BreakoutRetestLong4H,AlphaPilotBatchC_BreakoutRetestLong4H,archived_legacy_evidence,legacy_freqtrade_class,legacy_freqtrade_backtest,long_or_unspecified,,1,1.0,16,True,,,
freqtrade::AlphaPilotBatchD_BreakdownRetestShort4H,AlphaPilotBatchD_BreakdownRetestShort4H,AlphaPilotBatchD_BreakdownRetestShort4H,archived_legacy_evidence,legacy_freqtrade_class,legacy_freqtrade_backtest,long_short,,1,1.0,17,True,,,
freqtrade::AlphaPilotBatchE_BollingerReversionLong4H,AlphaPilotBatchE_BollingerReversionLong4H,AlphaPilotBatchE_BollingerReversionLong4H,archived_legacy_evidence,legacy_freqtrade_class,legacy_freqtrade_backtest,long_or_unspecified,,1,1.0,16,True,,,
freqtrade::AlphaPilotBatchF_BollingerReversionShort4H,AlphaPilotBatchF_BollingerReversionShort4H,AlphaPilotBatchF_BollingerReversionShort4H,archived_legacy_evidence,legacy_freqtrade_class,legacy_freqtrade_backtest,long_short,,1,1.0,18,True,,,
freqtrade::AlphaPilotBatchG_RelativeStrengthLong4H,AlphaPilotBatchG_RelativeStrengthLong4H,AlphaPilotBatchG_RelativeStrengthLong4H,archived_legacy_evidence,legacy_freqtrade_class,legacy_freqtrade_backtest,long_or_unspecified,,1,1.0,16,True,,,
freqtrade::AlphaPilotBatchH_VolatilityCompressionBreakout4H,AlphaPilotBatchH_VolatilityCompressionBreakout4H,AlphaPilotBatchH_VolatilityCompressionBreakout4H,archived_legacy_evidence,legacy_freqtrade_class,legacy_freqtrade_backtest,long_or_unspecified,,1,1.0,19,True,,,
freqtrade::AlphaPilotDynamicRegimeV01,AlphaPilotDynamicRegimeV01,AlphaPilotDynamicRegimeV01,archived_legacy_evidence,legacy_freqtrade_class,legacy_freqtrade_backtest,long_or_unspecified,,1,1.0,17,True,,,
freqtrade::AlphaPilotLowFrequencyDirectional4HV01,AlphaPilotLowFrequencyDirectional4HV01,AlphaPilotLowFrequencyDirectional4HV01,archived_legacy_evidence,legacy_freqtrade_class,legacy_freqtrade_backtest,long_short,,1,1.0,17,True,,,
freqtrade::AlphaPilotShortRejection1HV01,AlphaPilotShortRejection1HV01,AlphaPilotShortRejection1HV01,archived_legacy_evidence,legacy_freqtrade_class,legacy_freqtrade_backtest,long_short,,1,1.0,20,True,,,Expanded short-only backtest suffered near-total loss with excessive trade count.
freqtrade::AlphaPilotTrendPullback1HV01,AlphaPilotTrendPullback1HV01,AlphaPilotTrendPullback1HV01,archived_legacy_evidence,legacy_freqtrade_class,legacy_freqtrade_backtest,long_or_unspecified,,1,1.0,19,True,,,
freqtrade::AlphaPilotVolumeReboundV01,AlphaPilotVolumeReboundV01,AlphaPilotVolumeReboundV01,archived_legacy_evidence,legacy_freqtrade_class,legacy_freqtrade_backtest,long_or_unspecified,15m,1,1.0,24,True,,,Expanded validation remains negative after slippage adjustment; rejected for Dry-run.
freqtrade::AlphaPilotVolumeReboundV02ATrendStrict,AlphaPilotVolumeReboundV02ATrendStrict,AlphaPilotVolumeReboundV02ATrendStrict,archived_legacy_evidence,legacy_freqtrade_class,legacy_freqtrade_backtest,long_or_unspecified,15m,1,1.0,16,True,,,"Smoke comparison improved relatively, but the candidate was not included in the successful expanded validation set and is not approved."
freqtrade::AlphaPilotVolumeReboundV02BVolumeQuality,AlphaPilotVolumeReboundV02BVolumeQuality,AlphaPilotVolumeReboundV02BVolumeQuality,archived_legacy_evidence,legacy_freqtrade_class,legacy_freqtrade_backtest,long_or_unspecified,15m,1,1.0,18,True,,,Expanded validation reduced trade count but remained deeply negative after slippage.
freqtrade::AlphaPilotVolumeReboundV02CExitCleanup,AlphaPilotVolumeReboundV02CExitCleanup,AlphaPilotVolumeReboundV02CExitCleanup,archived_legacy_evidence,legacy_freqtrade_class,legacy_freqtrade_backtest,long_or_unspecified,15m,1,1.0,18,True,,,"Best relative expanded candidate, but still deeply negative after slippage and not usable for Dry-run."
freqtrade::AlphaPilotVolumeReboundV02DEarlyFailureExit,AlphaPilotVolumeReboundV02DEarlyFailureExit,AlphaPilotVolumeReboundV02DEarlyFailureExit,archived_legacy_evidence,legacy_freqtrade_class,legacy_freqtrade_backtest,long_or_unspecified,15m,1,1.0,16,True,,,Failed the V13.4.4 smoke comparison gate and was eliminated before expanded validation.
freqtrade::AlphaPilotVolumeReboundV02EPairRiskWatchlist,AlphaPilotVolumeReboundV02EPairRiskWatchlist,AlphaPilotVolumeReboundV02EPairRiskWatchlist,archived_legacy_evidence,legacy_freqtrade_class,legacy_freqtrade_backtest,long_or_unspecified,15m,1,1.0,18,True,,,Pair-risk changes did not improve enough in expanded validation and remain negative after slippage.
freqtrade::BenchmarkBollingerRebound,BenchmarkBollingerRebound,BenchmarkBollingerRebound,archived_legacy_evidence,legacy_freqtrade_class,legacy_freqtrade_backtest,long_or_unspecified,,1,1.0,16,True,,,"Relative best, but still negative with high drawdown and profit factor below 1."
freqtrade::BenchmarkEMATrend,BenchmarkEMATrend,BenchmarkEMATrend,archived_legacy_evidence,legacy_freqtrade_class,legacy_freqtrade_backtest,long_or_unspecified,,1,1.0,16,True,,,Excessive trade frequency and repeated losses overwhelm any simple rule edge.
freqtrade::BenchmarkMACDVolume,BenchmarkMACDVolume,BenchmarkMACDVolume,archived_legacy_evidence,legacy_freqtrade_class,legacy_freqtrade_backtest,long_or_unspecified,,1,1.0,16,True,,,Excessive trade frequency and repeated losses overwhelm any simple rule edge.
freqtrade::BenchmarkRSIMeanReversion,BenchmarkRSIMeanReversion,BenchmarkRSIMeanReversion,archived_legacy_evidence,legacy_freqtrade_class,legacy_freqtrade_backtest,long_or_unspecified,,1,1.0,17,True,,,Excessive trade frequency and repeated losses overwhelm any simple rule edge.
freqtrade::BenchmarkTD9Exhaustion,BenchmarkTD9Exhaustion,BenchmarkTD9Exhaustion,archived_legacy_evidence,legacy_freqtrade_class,legacy_freqtrade_backtest,long_or_unspecified,,1,1.0,16,True,,,Very high cost sensitivity after slippage stress.
strategy_version_088bf157d71a8d1dd0112e7ad49342f5bca594e8c49755f08b8d692b08941e1e,Alpha191 加密因子观察策略,alpha191_crypto_observer,archived,registry_version,legacy_research_import,both,4h,2,1.0,1,False,workflow_run_7eaa0952ff123eec4d779a08cdd3d34f3b6d0638bf8b175d927054e1766f46a2,strategy_performance,"Backtest gates failed: costStress, maximumDrawdown, minimumProfitFactor, positiveAverageNetR"
legacy::rejected_benchmark_martingale,Rejected Benchmark Martingale,benchmark_suite,rejected,legacy_status_archive,legacy_status_archive,,1h,2,0.3,0,False,,,Martingale or inverse averaging creates unacceptable tail risk and conflicts with AlphaPilot risk-first principles.
strategy_version_2c62fea97eaaab20178814e83921e7bad9c869ba35b6a494548fc89be3a4d406,1D 趋势突破回踩 ATR2.0 · 自动优化 1/3,event_1d_breakout_retest_atr20_v1,archived,registry_version,bounded_auto_optimization_v1,long,1d,2,0.0,1,False,workflow_run_5932576bad68be30b5bb334152bc9a3e901f3b73da8c67762e7333389dc58836,strategy_performance,Backtest gates failed: selectionMaximumDrawdown
strategy_version_b854fd47e5a99350c6df96956a21f2030bb2250f8d8e7f10afb6306e6c6d0245,1D 趋势突破回踩 ATR2.0 · 自动优化 1/3 · 自动优化 2/3,event_1d_breakout_retest_atr20_v1,archived,registry_version,bounded_auto_optimization_v1,long,1d,2,0.0,1,False,workflow_run_7859db300258d5a41d256d97b4721c278a4532cad11175b63d38113ea74798c2,strategy_performance,Backtest gates failed: selectionMaximumDrawdown
strategy_version_c0afa97d531616a24d020e2aad5acd5df1168b41e7acbccab330549821aaa7d8,1D 趋势突破回踩 ATR2.0,event_1d_breakout_retest_atr20_v1,archived,registry_version,cross_timeframe_research_pack_v13_27_18,long,1d,2,1.0,1,False,workflow_run_d362237851d7942b0dfaee4db8482f1a7f9444734057ec67fb7c7b8edc172c79,strategy_performance,Backtest gates failed: maximumDrawdown
strategy_version_ff1f066c0bc682663457e4e8ef7cc1d6e46331c29c00ffe56323177984dceb60,1D 趋势突破回踩 ATR2.0 · 自动优化 1/3 · 自动优化 2/3 · 自动优化 3/3,event_1d_breakout_retest_atr20_v1,archived,registry_version,bounded_auto_optimization_v1,long,1d,2,0.0,1,False,workflow_run_199db99c22b4fa617a239c8108ba7d1aa0833b9b4088c15ff16a9e4d89fb57ac,strategy_performance,Backtest gates failed: selectionMaximumDrawdown
strategy_version_0dc7701b4b48a6d2d3eaf727bfec274b5ca93016a5ea9aa862ffcc7f3ebe9b1b,1D 广谱压缩释放 ATR2.0,event_1d_broad_squeeze_breakout_atr20_v1,archived,registry_version,cross_timeframe_research_pack_v13_27_18,long,1d,2,1.0,1,False,workflow_run_14f95c36dfaffc0f1c33c75c89ae95c34ceb3bbca933be692fa050a2215c3ce0,strategy_performance,Backtest gates failed: maximumDrawdown
strategy_version_aff7a9c0495d809daa6c0df66c7432e2a79bc6e9bfee1cf592b086c7d7e421c5,1D 广谱压缩释放 ATR2.0 · 自动优化 1/3 · 自动优化 2/3,event_1d_broad_squeeze_breakout_atr20_v1,archived,registry_version,bounded_auto_optimization_v1,long,1d,2,0.0,1,False,workflow_run_e1898f57191f926c653a1430dec0a52ed5ce6aa6e71e014627ef2938c9e433b8,strategy_performance,"Backtest gates failed: selectionCostStress, selectionMaximumDrawdown, selectionMinimumProfitFactor, selectionPositiveAverageNetR"
strategy_version_f5f3ea08e1e34ad1297339ae7f219a26ec6e39566258d9e40df48a00a123401b,1D 广谱压缩释放 ATR2.0 · 自动优化 1/3,event_1d_broad_squeeze_breakout_atr20_v1,archived,registry_version,bounded_auto_optimization_v1,long,1d,2,0.0,1,False,workflow_run_972a367385000ed68b127261586357b939ffb4f99e0f81c4e141e1503ab5b713,strategy_performance,"Backtest gates failed: selectionCostStress, selectionMaximumDrawdown, selectionMinimumProfitFactor, selectionPositiveAverageNetR"
strategy_version_ff49c87e1ec6c73b2560d6ca04dde48b5ebed7ed2c5feefc4cc8a99dd020d362,1D 广谱压缩释放 ATR2.0 · 自动优化 1/3 · 自动优化 2/3 · 自动优化 3/3,event_1d_broad_squeeze_breakout_atr20_v1,archived,registry_version,bounded_auto_optimization_v1,long,1d,2,0.0,1,False,workflow_run_560b860dc57a1a73c804f27e7cb72b18de0c5609d37e75d8b2eb0a67c29a559e,strategy_performance,"Backtest gates failed: selectionCostStress, selectionMaximumDrawdown, selectionMinimumProfitFactor, selectionPositiveAverageNetR"
strategy_version_0dab3d1e18d9ca2b7e134d10b5da056adb0955d1ac6dfb018c287f926dbb9ce2,1D 超卖扫低收回 ATR1.0 影子 · 自动优化 1/3 · 自动优化 2/3 · 自动优化 3/3,event_1d_oversold_sweep_reclaim_atr10_v1,archived,registry_version,bounded_auto_optimization_v1,long,1d,2,0.0,1,False,workflow_run_602d68239f21b9d03a3153268555afc06d394da17a10ea935b6ff805aa557ea3,strategy_performance,"Backtest gates failed: selectionCostStress, selectionMaximumDrawdown, selectionMinimumProfitFactor, selectionPositiveAverageNetR"
strategy_version_1373c55a0b9b420840b6d01374e174c021527f190c8a5b2ce53888996b3dd8bc,1D 超卖扫低收回 ATR1.0 影子 · 自动优化 1/3 · 自动优化 2/3,event_1d_oversold_sweep_reclaim_atr10_v1,archived,registry_version,bounded_auto_optimization_v1,long,1d,2,0.0,1,False,workflow_run_0cc7afcbbb0de51f375d292a121bee8c8292a8d6efd1706985e5ef41829a470c,strategy_performance,"Backtest gates failed: selectionCostStress, selectionMaximumDrawdown, selectionMinimumProfitFactor, selectionPositiveAverageNetR"
strategy_version_3b81321505e0f36008a1b3930cb7f73131dbea7bcc010bec1a9dcd0e08868343,1D 超卖扫低收回 ATR1.0 影子 · 自动优化 1/3,event_1d_oversold_sweep_reclaim_atr10_v1,archived,registry_version,bounded_auto_optimization_v1,long,1d,2,0.0,1,False,workflow_run_1cfad3b8f80946e8fcc939c1fe0a0ac058e8f8f21fdf72f07e8e907841be9ae4,strategy_performance,"Backtest gates failed: selectionCostStress, selectionMaximumDrawdown, selectionMinimumProfitFactor, selectionPositiveAverageNetR"
strategy_version_9177137252db0033a4ce8d84195f3eefa0eca2762d49257fed2cd35a6fad647d,1D 超卖扫低收回 ATR1.0 影子,event_1d_oversold_sweep_reclaim_atr10_v1,archived,registry_version,cross_timeframe_research_pack_v13_27_18,long,1d,2,1.0,1,False,workflow_run_e0d9c4ee9965ccdff8feba7e59c76a3ac15650d5e90e016ab1f153e8a9066987,strategy_performance,"Backtest gates failed: maximumDrawdown, minimumProfitFactor, positiveAverageNetR"
strategy_version_161c4b3d866ad1cc7d500791a4d7d188f4a2371463ac05fcdad5ffd46c64cee6,1D 超卖扫低收回 ATR1.2 影子 · 自动优化 1/3 · 自动优化 2/3,event_1d_oversold_sweep_reclaim_atr12_v1,archived,registry_version,bounded_auto_optimization_v1,long,1d,2,0.0,1,False,workflow_run_abb75d76473b64e745b3a96911ebb8d95df45b7187c02ca566b445e69c01f175,strategy_performance,"Backtest gates failed: selectionCostStress, selectionMaximumDrawdown, selectionMinimumProfitFactor, selectionPositiveAverageNetR"
strategy_version_24a8b0e0d1b5d871b487fa2827be138d5b1eb572ff76be176145368348d7f4ee,1D 超卖扫低收回 ATR1.2 影子 · 自动优化 1/3 · 自动优化 2/3 · 自动优化 3/3,event_1d_oversold_sweep_reclaim_atr12_v1,archived,registry_version,bounded_auto_optimization_v1,long,1d,2,0.0,1,False,workflow_run_7a2c848922ce01f6bac371b50c5cdbc46bce9a008cdd640754c075435e3483ea,strategy_performance,"Backtest gates failed: selectionCostStress, selectionMaximumDrawdown, selectionMinimumProfitFactor, selectionPositiveAverageNetR"
strategy_version_c308c66aeb070009e17ff1eaeb63177d4c17647c6679ca13d8dd49a011d84085,1D 超卖扫低收回 ATR1.2 影子,event_1d_oversold_sweep_reclaim_atr12_v1,archived,registry_version,cross_timeframe_research_pack_v13_27_18,long,1d,2,1.0,1,False,workflow_run_25d3a6addcc04febc79e59730b4361d72f08c33940e49b5bb80715c496e5ee1d,strategy_performance,"Backtest gates failed: maximumDrawdown, minimumProfitFactor"
strategy_version_d60318ed12b046daf11532980d9ee32d351bf4768de70643064b4dfb1668da13,1D 超卖扫低收回 ATR1.2 影子 · 自动优化 1/3,event_1d_oversold_sweep_reclaim_atr12_v1,archived,registry_version,bounded_auto_optimization_v1,long,1d,2,0.0,1,False,workflow_run_4330f92fd4f40fe40dc64086c93a7a5bad68e3f39dd1ef06628fbc958ca46881,strategy_performance,"Backtest gates failed: selectionCostStress, selectionMaximumDrawdown, selectionMinimumProfitFactor, selectionPositiveAverageNetR"
strategy_version_50f9997f897aed3273c0ad22e23c1498919e1969e2d4c4b2717c9a77bb2dafdb,1D 趋势压缩释放 ATR2.0 · 自动优化 1/3,event_1d_squeeze_breakout_atr20_v1,archived,registry_version,bounded_auto_optimization_v1,long,1d,2,0.0,1,False,workflow_run_493ab18e1035d466b3e1719650f8ef16e321ac6ea2849ea521739061edd55aaf,strategy_performance,"Backtest gates failed: selectionCostStress, selectionMaximumDrawdown, selectionMinimumProfitFactor, selectionPositiveAverageNetR"
strategy_version_a80c785eebf379a311de35b1697e39956849177a157f2d789aaeed433f3a80e3,1D 趋势压缩释放 ATR2.0,event_1d_squeeze_breakout_atr20_v1,archived,registry_version,cross_timeframe_research_pack_v13_27_18,long,1d,2,1.0,1,False,workflow_run_22cbad0fc1da51af12be3875b699885320801526c41299085f38ed0743954355,strategy_performance,Backtest gates failed: maximumDrawdown
strategy_version_d4d841276584aca7194e5a5c2fa51377333218a9d6b0f69a0fee58c8207f9386,1D 趋势压缩释放 ATR2.0 · 自动优化 1/3 · 自动优化 2/3 · 自动优化 3/3,event_1d_squeeze_breakout_atr20_v1,archived,registry_version,bounded_auto_optimization_v1,long,1d,2,0.0,1,False,workflow_run_70b1d114d9047ed3f739d3ddf68e8be023a4c911515d84ebcd8cd4409f8f83e9,strategy_performance,"Backtest gates failed: selectionCostStress, selectionMaximumDrawdown, selectionMinimumProfitFactor"
strategy_version_def8b042c06cdf847dd71ca9be009465b18c1d281692f8a09cc06ab42d8c01ed,1D 趋势压缩释放 ATR2.0 · 自动优化 1/3 · 自动优化 2/3,event_1d_squeeze_breakout_atr20_v1,archived,registry_version,bounded_auto_optimization_v1,long,1d,2,0.0,1,False,workflow_run_f9a2fe836588b4a25507b6147dc7a9f5bbfd44d76c1dda22737d00cfb594d8bc,strategy_performance,"Backtest gates failed: selectionCostStress, selectionMaximumDrawdown, selectionMinimumProfitFactor"
strategy_version_b1f514eeea7d2a74d3600ac81e904cd4e856a069e022f2119ddd8e371105a890,4H 牛市恢复收回 ATR1.5 持有24,event_4h_bull_recovery_atr15_h24_v1,archived,registry_version,cross_timeframe_research_pack_v13_27_18,long,4h,2,1.0,1,False,workflow_run_fe43662f7759ac1afca15436f1d5ab4da93694e5f0ae26250cd2d0f2de989919,strategy_performance,"Backtest gates failed: costStress, maximumDrawdown, minimumProfitFactor, positiveAverageNetR"
strategy_version_b6d73bdeb0780cb33b6b5575ab274e073e904378053600657b59f3b4e92e3833,4H 牛市恢复收回 ATR1.5 持有24 · 自动优化 1/3 · 自动优化 2/3 · 自动优化 3/3,event_4h_bull_recovery_atr15_h24_v1,archived,registry_version,bounded_auto_optimization_v1,long,4h,2,0.0,1,False,workflow_run_23176d3ac7c1bb3993471d71f8d9d8063cad8dbf2d5ad828f86df5dec847d846,strategy_performance,"Backtest gates failed: selectionCostStress, selectionMaximumDrawdown, selectionMinimumProfitFactor, selectionPositiveAverageNetR"
strategy_version_cf8af866637ba9ab2ef5c9b5e1b02e8f867bd045c057f791ba5420ea1ba7001c,4H 牛市恢复收回 ATR1.5 持有24 · 自动优化 1/3 · 自动优化 2/3,event_4h_bull_recovery_atr15_h24_v1,archived,registry_version,bounded_auto_optimization_v1,long,4h,2,0.0,1,False,workflow_run_28fb5e0a48211d7576a97f1c8f6fedfa20991b4db26d81ea942d52750b63e0be,strategy_performance,"Backtest gates failed: selectionCostStress, selectionMaximumDrawdown, selectionMinimumProfitFactor, selectionPositiveAverageNetR"
strategy_version_f1df88d2400a1323e843d328bab257b3f4b71638ed9cf56f0b71e38b2a984add,4H 牛市恢复收回 ATR1.5 持有24 · 自动优化 1/3,event_4h_bull_recovery_atr15_h24_v1,archived,registry_version,bounded_auto_optimization_v1,long,4h,2,0.0,1,False,workflow_run_19e6162d0a5eb8d4d4d920e6c8a841479a4ac7fec4a260ed8d65ccf6542336c3,strategy_performance,"Backtest gates failed: selectionCostStress, selectionMaximumDrawdown, selectionMinimumProfitFactor, selectionPositiveAverageNetR"
strategy_version_1fd24b16d5b80cefc1d5cd721feeb689d7cf7e7867164eaf88b5c9264dcf62ca,4H 牛市恢复收回 ATR1.8 持有24 · 自动优化 1/3 · 自动优化 2/3 · 自动优化 3/3,event_4h_bull_recovery_atr18_h24_v1,archived,registry_version,bounded_auto_optimization_v1,long,4h,2,0.0,1,False,workflow_run_05f6ae5026b2512c3bf450daad8750505087acd648fd8f0831463f58829e14d8,strategy_performance,"Backtest gates failed: selectionCostStress, selectionMaximumDrawdown, selectionMinimumProfitFactor, selectionPositiveAverageNetR"
strategy_version_6580234872b085574493975bce8f8b3e6b186f63b1e929de9052752a90d90ac5,4H 牛市恢复收回 ATR1.8 持有24,event_4h_bull_recovery_atr18_h24_v1,archived,registry_version,cross_timeframe_research_pack_v13_27_18,long,4h,2,1.0,1,False,workflow_run_39c262b609bf3a52aedd3b95ec389e3048eb9ed187e809ad512123367a655db4,strategy_performance,"Backtest gates failed: costStress, maximumDrawdown, minimumProfitFactor, positiveAverageNetR"
strategy_version_93de266822ad32cff679d3b44838dc07cebe18524dcf481b3228e5f3ac678e01,4H 牛市恢复收回 ATR1.8 持有24 · 自动优化 1/3,event_4h_bull_recovery_atr18_h24_v1,archived,registry_version,bounded_auto_optimization_v1,long,4h,2,0.0,1,False,workflow_run_f2c67bf867ebf54308bf1ab4758cfe556907c0734120fcf881450e5335689153,strategy_performance,"Backtest gates failed: selectionCostStress, selectionMaximumDrawdown, selectionMinimumProfitFactor, selectionPositiveAverageNetR"
strategy_version_a6d3d076adbf69cb4672db3369d7052a82def12b13b9f322201ece7473cc0e56,4H 牛市恢复收回 ATR1.8 持有24 · 自动优化 1/3 · 自动优化 2/3,event_4h_bull_recovery_atr18_h24_v1,archived,registry_version,bounded_auto_optimization_v1,long,4h,2,0.0,1,False,workflow_run_2b4e106c7b269e45ff9de1cfddb83f9be30032c5bd653305594a113aa81e4061,strategy_performance,"Backtest gates failed: selectionCostStress, selectionMaximumDrawdown, selectionMinimumProfitFactor, selectionPositiveAverageNetR"
strategy_version_215d29c941611ddf0d16158f24ba9aa417959f4b07eeef03efa913c061d1be86,4H 牛市恢复收回 ATR2.0 持有24 · 自动优化 1/3 · 自动优化 2/3,event_4h_bull_recovery_atr20_h24_v1,archived,registry_version,bounded_auto_optimization_v1,long,4h,2,0.0,1,False,workflow_run_44616354a8136dd590b50092b28cb5f3a81925a03dca710281449ce0aacbc0d8,strategy_performance,"Backtest gates failed: selectionCostStress, selectionMaximumDrawdown, selectionMinimumProfitFactor, selectionPositiveAverageNetR"
strategy_version_3333d13e1341a84795ec19c8bd6ce8a08de5a06e5058e4623dce3bb4f05cd346,4H 牛市恢复收回 ATR2.0 持有24 · 自动优化 1/3,event_4h_bull_recovery_atr20_h24_v1,archived,registry_version,bounded_auto_optimization_v1,long,4h,2,0.0,1,False,workflow_run_e83469123b96d52b6cff9caf4a7137dc9b0958819b61bbae0227f4b36dd0d7c4,strategy_performance,"Backtest gates failed: selectionCostStress, selectionMaximumDrawdown, selectionMinimumProfitFactor, selectionPositiveAverageNetR"
strategy_version_ae40a1bece7e086d651b501745c96d2ce0c92d4764a8cdf3103b379c25a2ab0b,4H 牛市恢复收回 ATR2.0 持有24 · 自动优化 1/3 · 自动优化 2/3 · 自动优化 3/3,event_4h_bull_recovery_atr20_h24_v1,archived,registry_version,bounded_auto_optimization_v1,long,4h,2,0.0,1,False,workflow_run_ccc5d817ec5f3c9586c6f67998135831e5805541dae2a20ccc6e001bf9dfb46a,strategy_performance,"Backtest gates failed: selectionCostStress, selectionMaximumDrawdown, selectionMinimumProfitFactor, selectionPositiveAverageNetR"
strategy_version_def3abcc430827e0b9a0b4d82354bd97b609a909ed9cfa566da832348a28c29d,4H 牛市恢复收回 ATR2.0 持有24,event_4h_bull_recovery_atr20_h24_v1,archived,registry_version,cross_timeframe_research_pack_v13_27_18,long,4h,2,1.0,1,False,workflow_run_e7edbb0f4e0b17480c9625c74adf7cac5b52d9e92a88ce115d493680261a2a90,strategy_performance,"Backtest gates failed: costStress, maximumDrawdown, minimumProfitFactor, positiveAverageNetR"
strategy_version_07b1418e7bd677f369d4324107846eb7e89e37418259510f43c24b81264e2066,4H 牛市恢复收回 ATR2.0 持有30 · 自动优化 1/3 · 自动优化 2/3,event_4h_bull_recovery_atr20_h30_v1,archived,registry_version,bounded_auto_optimization_v1,long,4h,2,0.0,1,False,workflow_run_c45c3d39cf8a48f5efcd5535dc60ba9ffe37aedb2d35c12547cf5af3bf03b108,strategy_performance,"Backtest gates failed: selectionCostStress, selectionMaximumDrawdown, selectionMinimumProfitFactor, selectionPositiveAverageNetR"
strategy_version_4bad11c8c9421bb6ad2e14dc21443f03ebc8e06de44e78ef66cb3dea203696d2,4H 牛市恢复收回 ATR2.0 持有30 · 自动优化 1/3,event_4h_bull_recovery_atr20_h30_v1,archived,registry_version,bounded_auto_optimization_v1,long,4h,2,0.0,1,False,workflow_run_d23f2a7d86db65e1a0ba22fb0c09d1fc44a8eb23e5961d3bdd6eb8875d487250,strategy_performance,"Backtest gates failed: selectionCostStress, selectionMaximumDrawdown, selectionMinimumProfitFactor, selectionPositiveAverageNetR"
strategy_version_6cf37c25ddfbeac31172f995d0f943d7ef1cf7412a6e142320aca30a813e6a9e,4H 牛市恢复收回 ATR2.0 持有30 · 自动优化 1/3 · 自动优化 2/3 · 自动优化 3/3,event_4h_bull_recovery_atr20_h30_v1,archived,registry_version,bounded_auto_optimization_v1,long,4h,2,0.0,1,False,workflow_run_40095c9adc105639f1ce5b90dda50bc3c30049400d2064c0aa9f3026ed8e5cd8,strategy_performance,"Backtest gates failed: selectionCostStress, selectionMaximumDrawdown, selectionMinimumProfitFactor, selectionPositiveAverageNetR"
strategy_version_9d6fc684a332bf985f820e2bb9e36e55991300dc96fb3a6f4f448aa645e7f7bb,4H 牛市恢复收回 ATR2.0 持有30,event_4h_bull_recovery_atr20_h30_v1,archived,registry_version,cross_timeframe_research_pack_v13_27_18,long,4h,2,1.0,1,False,workflow_run_9416f80238c01c9f476d050cf6016ba9e2a1f4b561d725674e7c58a52c7f8646,strategy_performance,"Backtest gates failed: costStress, maximumDrawdown, minimumProfitFactor, positiveAverageNetR"
strategy_version_31987e8107f5a7abef67f3a6d124d5c391e84ca071f444bb89b1e7f8201c0ea3,4H 牛市恢复收回 ATR2.0 持有36 · 自动优化 1/3 · 自动优化 2/3 · 自动优化 3/3,event_4h_bull_recovery_atr20_h36_v1,archived,registry_version,bounded_auto_optimization_v1,long,4h,2,0.0,1,False,workflow_run_45d170e557c3b85d54fc839db2ce0a5eb2ade88313a4e1bfe67b5ebc76c20c8d,strategy_performance,"Backtest gates failed: selectionCostStress, selectionMaximumDrawdown, selectionMinimumProfitFactor, selectionPositiveAverageNetR"
strategy_version_e4ec831cb4a7746c8ca408759ee34911f495ac3d8001b1a9ca938c7afb9c72ab,4H 牛市恢复收回 ATR2.0 持有36 · 自动优化 1/3 · 自动优化 2/3,event_4h_bull_recovery_atr20_h36_v1,archived,registry_version,bounded_auto_optimization_v1,long,4h,2,0.0,1,False,workflow_run_32ac33f65d56aa731b53a0f631a037a8f226804ae75f7408213c3ff4c4956e98,strategy_performance,"Backtest gates failed: selectionCostStress, selectionMaximumDrawdown, selectionMinimumProfitFactor, selectionPositiveAverageNetR"
strategy_version_efb4f03f80fe19c7c18f6eae171c99a2fc5aeb7928c771d0a406de74f8fe6599,4H 牛市恢复收回 ATR2.0 持有36,event_4h_bull_recovery_atr20_h36_v1,archived,registry_version,cross_timeframe_research_pack_v13_27_18,long,4h,2,1.0,1,False,workflow_run_fca137dd74f328ca196cd1971b6b859def9c17257a9644be61eecff3f2dae093,strategy_performance,"Backtest gates failed: costStress, maximumDrawdown, minimumProfitFactor, positiveAverageNetR"
strategy_version_f8cc3b3443785f8ee518a1a2580d4ee8351a91a6cf3fb066154da5478aa3bae2,4H 牛市恢复收回 ATR2.0 持有36 · 自动优化 1/3,event_4h_bull_recovery_atr20_h36_v1,archived,registry_version,bounded_auto_optimization_v1,long,4h,2,0.0,1,False,workflow_run_08e3e0e4dd4231dc1a2940a57e44276bb30a1cdddf91671f971a464961a92466,strategy_performance,"Backtest gates failed: selectionCostStress, selectionMaximumDrawdown, selectionMinimumProfitFactor, selectionPositiveAverageNetR"
strategy_version_90b5ec579c9a9de31b451f180ba3090761515819d60d58fe9f9651e9c59cea3a,15m EMA20 回收反弹 ATR1.4,short_cycle_15m_ema_reclaim_long_v1,archived,registry_version,short_cycle_candidate_pack_v13_27_3,long,15m,2,1.0,1,False,workflow_run_927a303d1540b91fd24736782b0ad40128846fcc32e80cf0b3f62b8af135513a,strategy_performance,"Backtest gates failed: costStress, maximumDrawdown, minimumProfitFactor, positiveAverageNetR"
strategy_version_56a0c46b8d1d62badb98d2e0801d00f8978599cac284778a30bf58ab960005d7,15m 趋势动量延续 ATR1.4,short_cycle_15m_momentum_continuation_long_v1,archived,registry_version,short_cycle_candidate_pack_v13_27_3,long,15m,2,1.0,1,False,workflow_run_0e76903799cf9a6829ad1eded1ec59146bbde575d3d352dc26926d2ba14f2807,strategy_performance,"Backtest gates failed: costStress, maximumDrawdown, minimumProfitFactor, positiveAverageNetR"
strategy_version_af60f98c20f23db4a5e0c651fa7090401abf1a98950a6e4b3026c66e7ba591b3,15m 跌破放量延续 ATR1.4,short_cycle_15m_short_breakdown_momentum_v1,archived,registry_version,short_cycle_candidate_pack_v13_27_3,short,15m,2,1.0,1,False,workflow_run_51b92b1c55c8d42a62f63a6d9d2073bcca476b0530e63494229051bc90f070af,strategy_performance,"Backtest gates failed: costStress, maximumDrawdown, minimumProfitFactor, positiveAverageNetR"
strategy_version_cc234c31716b9359905692f57d1f79d78738af680ea1bb49aada9b1f33f55242,15m 上影拒绝回落 ATR1.4,short_cycle_15m_short_rejection_v1,archived,registry_version,short_cycle_candidate_pack_v13_27_3,short,15m,2,1.0,1,False,workflow_run_31cf5533b27ffb6bb338170ade210bc857cc06866df506248efe5b7e51cd0d17,strategy_performance,"Backtest gates failed: costStress, maximumDrawdown, minimumProfitFactor, positiveAverageNetR"
strategy_version_44d8fd5fbe79f93368e8705472634fb9f011edcd8715c95004514cc861518c43,15m 低波压缩突破 ATR1.4,short_cycle_15m_squeeze_breakout_long_v1,archived,registry_version,short_cycle_candidate_pack_v13_27_3,long,15m,2,1.0,1,False,workflow_run_c7cef3851bc21d91450b2c94d680fe40ea80e19c63b1453688bc07210f5ab703,strategy_performance,"Backtest gates failed: costStress, maximumDrawdown, minimumProfitFactor, positiveAverageNetR"
strategy_version_43859382282f4cdeb65b2c03a88bed89d22be7de22d232792ef8192805c27313,5m 放量突破延续 ATR1.2,short_cycle_5m_breakout_volume_long_v1,archived,registry_version,short_cycle_candidate_pack_v13_27_3,long,5m,2,1.0,1,False,workflow_run_2001e512b950b1cc939355974162b72a56bab55f9353109c5b3ad5c118ca4e20,strategy_performance,"Backtest gates failed: costStress, maximumDrawdown, minimumProfitFactor, positiveAverageNetR"
strategy_version_a0b6083231c6de31c893bc8033603f51ed6414e86c0c28f44ac5362b4ef18008,5m EMA20 回收反弹 ATR1.2,short_cycle_5m_ema_reclaim_long_v1,archived,registry_version,short_cycle_candidate_pack_v13_27_3,long,5m,2,1.0,1,False,workflow_run_f7bf3bd9345ea13db3ab64356638ef77a8e9cc16fceaf079eeac17cb4a81625d,strategy_performance,"Backtest gates failed: costStress, maximumDrawdown, minimumProfitFactor, positiveAverageNetR"
strategy_version_efdfb8d728ab2c36e846f1773c6d5bd524c39c28c9bc05b009abcfe1d7cd5122,5m 极端超卖收回 ATR1.2,short_cycle_5m_mean_reversion_reclaim_long_v1,archived,registry_version,short_cycle_candidate_pack_v13_27_3,long,5m,2,1.0,1,False,workflow_run_bbd93ee875a3865f8fe0fc2c310ddc4f229a198e3f66442a3bbfd2cc4e0a4bed,strategy_performance,"Backtest gates failed: costStress, maximumDrawdown, minimumProfitFactor, positiveAverageNetR"
strategy_version_b5058256b2435926a06fb8f360a0891a57b1983d755029ae51185378156dab7f,5m 跌破放量延续 ATR1.2,short_cycle_5m_short_breakdown_momentum_v1,archived,registry_version,short_cycle_candidate_pack_v13_27_3,short,5m,2,1.0,1,False,workflow_run_2e3ddb4708bafb29d9f449ac21217abb940c5bf31c3956f763b79a96de64a117,strategy_performance,"Backtest gates failed: costStress, maximumDrawdown, minimumProfitFactor, positiveAverageNetR"
strategy_version_e941bd5162ebef4bae97bc3340750898cb8c036021c37c5a3ea0547ac60d6da9,5m 上影拒绝回落 ATR1.2,short_cycle_5m_short_rejection_v1,archived,registry_version,short_cycle_candidate_pack_v13_27_3,short,5m,2,1.0,1,False,workflow_run_b59fea6b3a76673ac63ba266887fa07d273760ce4f3b6de825c5cec880ee2e34,strategy_performance,"Backtest gates failed: costStress, maximumDrawdown, minimumProfitFactor, positiveAverageNetR"
strategy_version_051d770d30bfa1d65580a44b4dd73a6527e9ea681531c2449d9cc1f0bc7fd5a8,15m 假突破弱趋势反转 因子后继 ATR1.2 · 自动优化 1/3 · 自动优化 2/3,short_cycle_event_15m_failed_breakout_factor_v2,archived,registry_version,bounded_auto_optimization_v1,short,15m,2,0.0,1,False,workflow_run_f15fb3379bf261d81c07cc22ca03b0eb30cfabd9c8007fc2432d1ae2589123b5,strategy_performance,"Backtest gates failed: selectionCostStress, selectionMaximumDrawdown, selectionMinimumProfitFactor, selectionPositiveAverageNetR"
strategy_version_102767c170500ec47b51538c17deea4e3e96950cb8ebd47611079424e8a8d526,15m 假突破弱趋势反转 因子后继 ATR1.2 · 自动优化 1/3,short_cycle_event_15m_failed_breakout_factor_v2,archived,registry_version,bounded_auto_optimization_v1,short,15m,2,0.0,1,False,workflow_run_6e270600a75c0108bdb66313552c994d616bbf2676cc50d102897bfb69a624fa,strategy_performance,"Backtest gates failed: selectionCostStress, selectionMaximumDrawdown, selectionMinimumProfitFactor, selectionPositiveAverageNetR"
strategy_version_49287f463d315ea22e9c6636e0e9096169b01e5cbf9361a6befd7807a618d3d2,15m 假突破弱趋势反转 因子后继 ATR1.2 · 自动优化 1/3 · 自动优化 2/3,short_cycle_event_15m_failed_breakout_factor_v2,archived,registry_version,bounded_auto_optimization_v1,short,15m,2,0.0,1,False,workflow_run_05fbd8eef45c953ece2deaaa310a518e07a2661521a3b545195156c6eaeeb178,strategy_performance,"Backtest gates failed: selectionCostStress, selectionMaximumDrawdown, selectionMinimumProfitFactor, selectionPositiveAverageNetR"
strategy_version_4b3df3cc6fd3deac9ab6c8031620c09adbf238f315b8a404eab50ab57ef32ed8,15m 假突破弱趋势反转 因子后继 ATR1.2 · 自动优化 1/3 · 自动优化 2/3 · 自动优化 3/3,short_cycle_event_15m_failed_breakout_factor_v2,archived,registry_version,bounded_auto_optimization_v1,short,15m,2,0.0,1,False,workflow_run_5c8e61a180e50c2b04183c4c4c180db2d7e2255cf02018643fcbd0781a57a8bd,strategy_performance,"Backtest gates failed: selectionCostStress, selectionMaximumDrawdown, selectionMinimumProfitFactor, selectionPositiveAverageNetR"
strategy_version_57dfa8d5b1d318e25add2c2e310435cc5bfd03aa8c574907a3c877f66ab41527,15m 假突破弱趋势反转 因子后继 ATR1.2 · 自动优化 1/3 · 自动优化 2/3 · 自动优化 3/3,short_cycle_event_15m_failed_breakout_factor_v2,archived,registry_version,bounded_auto_optimization_v1,short,15m,2,0.0,1,False,workflow_run_d6dd3b7bf4eae3f3316dd303fdf56ff6e1fea51e3814fbfc433437b216dd4aa2,strategy_performance,"Backtest gates failed: selectionCostStress, selectionMaximumDrawdown, selectionMinimumProfitFactor, selectionPositiveAverageNetR"
strategy_version_5f27f24019c5fff46eaf083dc5a57c78029afb8f3c8fe3bab4f3dbe3093a8785,15m 假突破弱趋势反转 因子后继 ATR1.2,short_cycle_event_15m_failed_breakout_factor_v2,archived,registry_version,event_window_research_eligible_pack_v13_27_17,short,15m,2,1.0,1,False,workflow_run_bfa6774c387609b7c1356d5bba336453d7c15d48de4fae7c078b096325b1dd60,strategy_performance,"Backtest gates failed: costStress, maximumDrawdown, minimumProfitFactor"
strategy_version_a92bde6bb51629d1f7c5d74017594a46e9ee593dbe525412b89e6c8be24147ec,15m 假突破弱趋势反转 因子后继 ATR1.2 · 自动优化 1/3,short_cycle_event_15m_failed_breakout_factor_v2,archived,registry_version,bounded_auto_optimization_v1,short,15m,2,0.0,1,False,workflow_run_75278855ee465dd1d4892270d8c66c3e1e9139f0edbb670ffd6c189363447f43,strategy_performance,"Backtest gates failed: selectionCostStress, selectionMaximumDrawdown, selectionMinimumProfitFactor, selectionPositiveAverageNetR"
strategy_version_b6255a41f413596f115dca1be2b5f3009316daffda063bf8d6a5a92ad085005d,15m 假突破弱趋势反转 因子后继 ATR1.2,short_cycle_event_15m_failed_breakout_factor_v2,archived,registry_version,cross_timeframe_research_pack_v13_27_18,short,15m,2,1.0,1,False,workflow_run_a4ba62a0c8e910c96d4172713685ed442eabd758fc3e9b99d41936e84a9a458e,strategy_performance,"Backtest gates failed: costStress, maximumDrawdown, minimumProfitFactor, positiveAverageNetR"
strategy_version_0acc80e3066795e4e60ce7f1f6e515e44a5dafec72206a70b5ddf31a0caab6fa,15m 弱势回抽市场斜率确认 因子后继 ATR1.2 / structural redesign G1 / structural redesign G2 / structural redesign G3,short_cycle_event_15m_failed_reclaim_factor_v2,archived,registry_version,bounded_structural_redesign_v1,short,15m,2,1.0,1,False,workflow_run_e9dcf9361898d10e45105214f1896447c40d2613f04bd114f8a8d8eff050897e,strategy_performance,"Backtest gates failed: costStress, maximumDrawdown, minimumProfitFactor, positiveAverageNetR"
strategy_version_42ff5a0967ca0cbc4c0840c5eb29bd5010694ac3c33ac432e9126e75e0125b83,15m 弱势回抽市场斜率确认 因子后继 ATR1.2 · 自动优化 1/3 / structural redesign G1 / structural redesign G2,short_cycle_event_15m_failed_reclaim_factor_v2,archived,registry_version,bounded_structural_redesign_v1,short,15m,2,1.0,1,False,workflow_run_84379e5cc72a5b1e59cee01fa5d4c04a2602d7fec76ff70ff13c641175b4eef5,strategy_performance,"Backtest gates failed: costStress, maximumDrawdown, minimumProfitFactor, positiveAverageNetR"
strategy_version_5949f992c2c59cd58b8d2e8de59d0506a55dbb18170c583c77baa67e9f0f60c1,15m 弱势回抽市场斜率确认 因子后继 ATR1.2,short_cycle_event_15m_failed_reclaim_factor_v2,archived,registry_version,event_window_research_eligible_pack_v13_27_17,short,15m,2,1.0,1,False,workflow_run_03dd470831e0dbf4ca8d1671a07ce731ad3e3a99690f5efe110d4153714b2285,strategy_performance,"Backtest gates failed: costStress, maximumDrawdown, minimumProfitFactor, positiveAverageNetR"
strategy_version_70f43cd7f1dcb5f78fa7affb316a847e28532df2faff1f6377954bd9eb2210eb,15m 弱势回抽市场斜率确认 因子后继 ATR1.2 · 自动优化 1/3 / structural redesign G1 / structural redesign G2 / structural redesign G3,short_cycle_event_15m_failed_reclaim_factor_v2,archived,registry_version,bounded_structural_redesign_v1,short,15m,2,1.0,1,False,workflow_run_1fea69e43a977ed58ca2b4eb8ebcab336e53b126e7ceca64ba983f00cfa6b716,strategy_performance,"Backtest gates failed: costStress, maximumDrawdown, minimumProfitFactor, positiveAverageNetR"
strategy_version_7648bdf27d09229957e4021b46696ad28962e61ac9a7deec0bfe2145895e0440,15m 弱势回抽市场斜率确认 因子后继 ATR1.2 / structural redesign G1,short_cycle_event_15m_failed_reclaim_factor_v2,archived,registry_version,bounded_structural_redesign_v1,short,15m,2,1.0,1,False,workflow_run_dc3f592a02413e2c2f837d38fcd0cae3f8c97dd355df33bdce9a2b3a2a4d1e0b,strategy_performance,"Backtest gates failed: costStress, maximumDrawdown, minimumProfitFactor, positiveAverageNetR"
strategy_version_8506420e16871fe6bb9802534a11ab73aed3ede36439f51647194c09be06f3d6,15m 弱势回抽市场斜率确认 因子后继 ATR1.2 · 自动优化 1/3,short_cycle_event_15m_failed_reclaim_factor_v2,archived,registry_version,bounded_auto_optimization_v1,short,15m,2,0.0,1,False,workflow_run_5468484eb0632c98a0254ca8ffd941327cace1535bfbf5d48a883e6bf2431b2e,strategy_performance,"Backtest gates failed: selectionCostStress, selectionMaximumDrawdown, selectionMinimumProfitFactor, selectionPositiveAverageNetR"
strategy_version_b8838dd313b08b205fcfbf6ded95119d2b7f0eacbf2164b024159de0448f6729,15m 弱势回抽市场斜率确认 因子后继 ATR1.2 / structural redesign G1 / structural redesign G2,short_cycle_event_15m_failed_reclaim_factor_v2,archived,registry_version,bounded_structural_redesign_v1,short,15m,2,1.0,1,False,workflow_run_d613e4fa4d01e2cfa244a7172db28235e62f4168c8cbdaad095f491d890f89fc,strategy_performance,"Backtest gates failed: costStress, maximumDrawdown, minimumProfitFactor, positiveAverageNetR"
strategy_version_d8dcd3fe385e3e58f78a78920dca6045a14d5136143f0cb035209c534bd4f09a,15m 弱势回抽市场斜率确认 因子后继 ATR1.2 · 自动优化 1/3 / structural redesign G1,short_cycle_event_15m_failed_reclaim_factor_v2,archived,registry_version,bounded_structural_redesign_v1,short,15m,2,1.0,1,False,workflow_run_e472facbede6c0f3c6fc40e00ea606b2ab626c80631d103317335a58e90c3741,strategy_performance,"Backtest gates failed: costStress, maximumDrawdown, minimumProfitFactor, positiveAverageNetR"
strategy_version_f97cf619cb9d530813b0121699e0f0e8e5cac398c1eb2755887ac38f9d74d371,15m 弱势回抽市场斜率确认 因子后继 ATR1.2,short_cycle_event_15m_failed_reclaim_factor_v2,archived,registry_version,cross_timeframe_research_pack_v13_27_18,short,15m,2,1.0,1,False,workflow_run_f676e0bafbdf1616c414632f81141f3ac769834c63ba583b312f6477474b0eaf,strategy_performance,"Backtest gates failed: costStress, maximumDrawdown, minimumProfitFactor, positiveAverageNetR"
strategy_version_2debfaffad01ab223bc4382eb2dc40b925b8275ff98cfaf1fdee9ec3ee213533,15m 弱势回抽区间衰竭 影子候选 ATR1.2,short_cycle_event_15m_failed_reclaim_range_shadow_v2,archived,registry_version,cross_timeframe_research_pack_v13_27_18,short,15m,2,1.0,1,False,workflow_run_33b7759b97153c0f029b63f53548ffe038116e4b1745c402d7a121e5744baabd,strategy_performance,"Backtest gates failed: costStress, maximumDrawdown, minimumProfitFactor, positiveAverageNetR"
strategy_version_600ecd1594f83b9f368cd6f87b4d261aa4fa1972dd06cbd407943db6dcca5946,15m 弱势回抽区间衰竭 影子候选 ATR1.2 / structural redesign G1 / structural redesign G2,short_cycle_event_15m_failed_reclaim_range_shadow_v2,archived,registry_version,bounded_structural_redesign_v1,short,15m,2,1.0,1,False,workflow_run_6d2ae48820fb504c5a48b7d35b184d81b7de86109494b9baf03c0708b3653627,strategy_performance,"Backtest gates failed: costStress, maximumDrawdown, minimumProfitFactor, positiveAverageNetR"
strategy_version_7b0f055c5cf13d5680a9fef3889080f38138700e0701c779b05f36f3acdae4a7,15m 弱势回抽区间衰竭 影子候选 ATR1.2 / structural redesign G1 / structural redesign G2 / structural redesign G3,short_cycle_event_15m_failed_reclaim_range_shadow_v2,archived,registry_version,bounded_structural_redesign_v1,short,15m,2,1.0,1,False,workflow_run_3a9c39a735d036f17b9d4c2655f46d0f762af80aac4bfd1afb033c2bfa725297,strategy_performance,"Backtest gates failed: costStress, maximumDrawdown, minimumProfitFactor, positiveAverageNetR"
strategy_version_7f46ed77e59d22ffa4d0fa87faf504afdcc0e008f27d9af19c4cb3f2ab0df34e,15m 弱势回抽区间衰竭 影子候选 ATR1.2 / structural redesign G1,short_cycle_event_15m_failed_reclaim_range_shadow_v2,archived,registry_version,bounded_structural_redesign_v1,short,15m,2,1.0,1,False,workflow_run_811ee4c5eee5039a76de4a6f2552f0048b43653f02f15276275e4780265e8c6f,strategy_performance,"Backtest gates failed: costStress, maximumDrawdown, minimumProfitFactor, positiveAverageNetR"
strategy_version_478f9f11defb41a12d3422e919a786c410331a2e623c5fe6106771b90d883cdf,15m 趋势回踩波动环境确认 因子后继 ATR1.2,short_cycle_event_15m_trend_reclaim_btc_factor_v2,archived,registry_version,cross_timeframe_research_pack_v13_27_18,long,15m,2,1.0,1,False,workflow_run_2def0ea858cdca7d8c6ba9e2f272a0a51e5e0445af5f1baa3d4438564902c9ba,strategy_performance,"Backtest gates failed: costStress, maximumDrawdown, minimumProfitFactor, positiveAverageNetR"
strategy_version_66e6438416f92c8ffd1d81825ebc346cef2e2d1126c06aec40edcad669a48f82,15m 趋势回踩波动环境确认 因子后继 ATR1.2 · 自动优化 1/3,short_cycle_event_15m_trend_reclaim_btc_factor_v2,archived,registry_version,bounded_auto_optimization_v1,long,15m,2,0.0,1,False,workflow_run_c3bec0ac12ad9b43131c5786f81e133de96ee557d1de469d3faa528c27042edb,strategy_performance,"Backtest gates failed: selectionCostStress, selectionMaximumDrawdown, selectionMinimumProfitFactor, selectionPositiveAverageNetR"
strategy_version_8a06606fc225797dae5372f3255dd523886318e34db2712f39be08eca5ebe7cb,15m 趋势回踩波动环境确认 因子后继 ATR1.2 · 自动优化 1/3 · 自动优化 2/3,short_cycle_event_15m_trend_reclaim_btc_factor_v2,archived,registry_version,bounded_auto_optimization_v1,long,15m,2,0.0,1,False,workflow_run_f6ffc8dfff7d2083c36ecd344af285504b020c5fd52e0299586febfb7a2adf0d,strategy_performance,"Backtest gates failed: selectionCostStress, selectionMaximumDrawdown, selectionMinimumProfitFactor, selectionPositiveAverageNetR"
strategy_version_b1f6e99e039ff58696a1995b281f9909971f165f33d3f9b9c0f7f88a2037a4f4,15m 趋势回踩波动环境确认 因子后继 ATR1.2 / structural redesign G1,short_cycle_event_15m_trend_reclaim_btc_factor_v2,archived,registry_version,bounded_structural_redesign_v1,long,15m,2,1.0,1,False,workflow_run_0af2812c62fcf6141a5f4b1fe4d6da0f15d92445fbb9c9129a9daa1a29dd99d0,strategy_performance,"Backtest gates failed: costStress, maximumDrawdown, minimumProfitFactor, positiveAverageNetR"
strategy_version_d481c4d476b7157aab07300ddb2d88b0263826a676157229d1c5979c0f649052,15m 趋势回踩波动环境确认 因子后继 ATR1.2,short_cycle_event_15m_trend_reclaim_btc_factor_v2,archived,registry_version,event_window_research_eligible_pack_v13_27_17,long,15m,2,1.0,1,False,workflow_run_35dc3ddc2029275ae25d36d5df4eac7198f0937c7288bfb221f15972b71026be,strategy_performance,"Backtest gates failed: costStress, maximumDrawdown, minimumProfitFactor, positiveAverageNetR"
strategy_version_e54c6d21101670f4035a95cc288935478405df861927c1913f85d66ba7e7ba12,15m 趋势回踩波动环境确认 因子后继 ATR1.2 / structural redesign G1 / structural redesign G2,short_cycle_event_15m_trend_reclaim_btc_factor_v2,archived,registry_version,bounded_structural_redesign_v1,long,15m,2,1.0,1,False,workflow_run_c2755847465fb07dad06bdeaf16a89b4b22ea4fdd78f1b59dfd6654869883598,strategy_performance,"Backtest gates failed: costStress, maximumDrawdown, minimumProfitFactor, positiveAverageNetR"
strategy_version_f57167df0733f842693266e35e7e53a11a23481b210fc061dd09ab9b472a6cb6,15m 趋势回踩波动环境确认 因子后继 ATR1.2 · 自动优化 1/3 · 自动优化 2/3 · 自动优化 3/3,short_cycle_event_15m_trend_reclaim_btc_factor_v2,archived,registry_version,bounded_auto_optimization_v1,long,15m,2,0.0,1,False,workflow_run_68f260a6aa7b2e8cc0818ee50b6478679dc478420225e96e2de53451613d45d4,strategy_performance,"Backtest gates failed: selectionCostStress, selectionMaximumDrawdown, selectionMinimumProfitFactor, selectionPositiveAverageNetR"
strategy_version_0f34034aa483a51e8661fc52f21b07fcdc66721ddf6e34ac71af1a5bc9defba8,15m 趋势回踩双趋势确认 因子后继 ATR1.2 · 自动优化 1/3,short_cycle_event_15m_trend_reclaim_factor_v2,archived,registry_version,bounded_auto_optimization_v1,long,15m,2,0.0,1,False,workflow_run_4b81f641822922aba829d0961641957ca7adbb3794cb8752d2fb188b7200b37a,strategy_performance,"Backtest gates failed: selectionCostStress, selectionMaximumDrawdown, selectionMinimumProfitFactor, selectionPositiveAverageNetR"
strategy_version_268f0e725a029dfdb7af12f0e8da945783b93d8d64b939ca24ff5becf71e58c0,15m 趋势回踩双趋势确认 因子后继 ATR1.2,short_cycle_event_15m_trend_reclaim_factor_v2,archived,registry_version,cross_timeframe_research_pack_v13_27_18,long,15m,2,1.0,1,False,workflow_run_2565be273562fb969e415a6cbb307d9692c3e5107458d81b20e61fa2edbc80b4,strategy_performance,"Backtest gates failed: costStress, maximumDrawdown, minimumProfitFactor, positiveAverageNetR"
strategy_version_6211d730e6b05cd8bc673fd471033c98853d51455f2bfdc3dfca889f413737c7,15m 趋势回踩双趋势确认 因子后继 ATR1.2,short_cycle_event_15m_trend_reclaim_factor_v2,archived,registry_version,event_window_research_eligible_pack_v13_27_17,long,15m,2,1.0,1,False,workflow_run_c4037318ac1f62d42992bb6cf1f0c23696285812577a693ebf49f6a8f1c08a7b,strategy_performance,"Backtest gates failed: costStress, maximumDrawdown, minimumProfitFactor, positiveAverageNetR"
strategy_version_6f3bb58158a5453e2783f0669fb58036e8f01c9092e0d7e2023488bd05f501dc,15m 趋势回踩双趋势确认 因子后继 ATR1.2 · 自动优化 1/3,short_cycle_event_15m_trend_reclaim_factor_v2,archived,registry_version,bounded_auto_optimization_v1,long,15m,2,0.0,1,False,workflow_run_b6581956d47519939ad4e865301396efb2930e51eef4d8551f124814499c5473,strategy_performance,"Backtest gates failed: selectionCostStress, selectionMaximumDrawdown, selectionMinimumProfitFactor, selectionPositiveAverageNetR"
strategy_version_7b6b7d5a43b8eceb1b328d96d6ccb3463534000907ca38508204b0cabe283def,15m 趋势回踩双趋势确认 因子后继 ATR1.2 · 自动优化 1/3 · 自动优化 2/3,short_cycle_event_15m_trend_reclaim_factor_v2,archived,registry_version,bounded_auto_optimization_v1,long,15m,2,0.0,1,False,workflow_run_446db9adb162b0f3244cf778481559b6da2d27ba14b3bff23c7d0af852d07459,strategy_performance,"Backtest gates failed: selectionCostStress, selectionMaximumDrawdown, selectionMinimumProfitFactor, selectionPositiveAverageNetR"
strategy_version_ba474ee29787b274e3061b23954bf9de5fb34559603cae672407e34e4cc7280b,15m 趋势回踩双趋势确认 因子后继 ATR1.2 · 自动优化 1/3 · 自动优化 2/3,short_cycle_event_15m_trend_reclaim_factor_v2,archived,registry_version,bounded_auto_optimization_v1,long,15m,2,0.0,1,False,workflow_run_98ec4d646741af912887373f960830dd5e40125cde83eeb645be2e6fda0c9f49,strategy_performance,"Backtest gates failed: selectionCostStress, selectionMaximumDrawdown, selectionMinimumProfitFactor, selectionPositiveAverageNetR"
strategy_version_ef3ff0b839aeab7c2337a19223bd80816791ce64a73414db41a1e4fe93fd1c32,15m 趋势回踩双趋势确认 因子后继 ATR1.2 · 自动优化 1/3 · 自动优化 2/3 · 自动优化 3/3,short_cycle_event_15m_trend_reclaim_factor_v2,archived,registry_version,bounded_auto_optimization_v1,long,15m,2,0.0,1,False,workflow_run_3f556f7f85c70a75d57bc1f72526795b3bd766a18a4f20c6e0e4b5f6a34642e1,strategy_performance,"Backtest gates failed: selectionCostStress, selectionMaximumDrawdown, selectionMinimumProfitFactor, selectionPositiveAverageNetR"
strategy_version_fdac04218117704b3b58f5479d97e318a844460082ac08c96eddd464b99e5f9d,15m 趋势回踩双趋势确认 因子后继 ATR1.2 · 自动优化 1/3 · 自动优化 2/3 · 自动优化 3/3,short_cycle_event_15m_trend_reclaim_factor_v2,archived,registry_version,bounded_auto_optimization_v1,long,15m,2,0.0,1,False,workflow_run_19087426ab3061b2ad4199b5f1242d3b49b24a4db15b903ac8f9c0c3aba4fc23,strategy_performance,"Backtest gates failed: selectionCostStress, selectionMaximumDrawdown, selectionMinimumProfitFactor, selectionPositiveAverageNetR"
strategy_version_26aeb30fb49c410273164169fe7f3378df9b42ddcb63f32a84b8f22620b156aa,1H 突破回踩 BTC 顺势确认 因子后继 ATR1.2 · 自动优化 1/3 · 自动优化 2/3,short_cycle_event_1h_breakout_retest_btc_factor_v2,archived,registry_version,bounded_auto_optimization_v1,long,1h,2,0.0,1,False,workflow_run_39c6f7e8008e227c3321263b8b553e442aeddaffe86fd11989cd8f81f2febb72,strategy_performance,"Backtest gates failed: selectionCostStress, selectionMaximumDrawdown, selectionMinimumProfitFactor"
strategy_version_7f42ff1f4e210f740b33bbe8a2145650f7921e043bce5a49338038be7c7f22e5,1H 突破回踩 BTC 顺势确认 因子后继 ATR1.2 · 自动优化 1/3,short_cycle_event_1h_breakout_retest_btc_factor_v2,archived,registry_version,bounded_auto_optimization_v1,long,1h,2,0.0,1,False,workflow_run_7b43a2fd831c4da9a388849089409818b45f0d6a1cd469609df5607ffa9dd30a,strategy_performance,"Backtest gates failed: selectionCostStress, selectionMaximumDrawdown, selectionMinimumProfitFactor"
strategy_version_912e6c76fd9be3a157110cfd841138b89e35bfdc02fb31fd88de5b0465dd52e3,1H 突破回踩 BTC 顺势确认 因子后继 ATR1.2 · 自动优化 1/3 · 自动优化 2/3 · 自动优化 3/3,short_cycle_event_1h_breakout_retest_btc_factor_v2,archived,registry_version,bounded_auto_optimization_v1,long,1h,2,0.0,1,False,workflow_run_0dc2bec1c407adbc623642ae43ab3f6ff080557257a2365c21fcaae313e0ad4e,strategy_performance,"Backtest gates failed: selectionCostStress, selectionMaximumDrawdown, selectionMinimumProfitFactor"
strategy_version_a2c0736f1f1de60ef2e571761970cbf64c35688ebc4631c55c2dc6570a557778,1H 突破回踩 BTC 顺势确认 因子后继 ATR1.2,short_cycle_event_1h_breakout_retest_btc_factor_v2,archived,registry_version,cross_timeframe_research_pack_v13_27_18,long,1h,2,1.0,1,False,workflow_run_db810a474453ca1fa472c8db2083d8b3c0acdbb144594059b0b428898b4dfa6d,strategy_performance,"Backtest gates failed: costStress, maximumDrawdown, minimumProfitFactor"
strategy_version_90f1a74648f04518ca30c859e03df33eacc3319729dd57666d48ca0a98214635,1H 假突破事件窗口反转 影子候选 ATR1.2 · 自动优化 1/3,short_cycle_event_1h_failed_breakout_shadow_v2,archived,registry_version,bounded_auto_optimization_v1,short,1h,2,0.0,1,False,workflow_run_d8fdc9865d85d0ca596408f4fe03d3a9f1500da920f268121cfa64a4cf11d988,strategy_performance,"Backtest gates failed: selectionCostStress, selectionMaximumDrawdown, selectionMinimumProfitFactor, selectionPositiveAverageNetR"
strategy_version_bf40d520f3d5377369e26011ab0fd5e407a2467bdd988f850e31c48c92c87d82,1H 假突破事件窗口反转 影子候选 ATR1.2,short_cycle_event_1h_failed_breakout_shadow_v2,archived,registry_version,cross_timeframe_research_pack_v13_27_18,short,1h,2,1.0,1,False,workflow_run_f38e69bf3c023e07c3338ed81bf9ced0c8873e23cf322c08b6f192ffac3a1df0,strategy_performance,"Backtest gates failed: costStress, maximumDrawdown, minimumProfitFactor, positiveAverageNetR"
strategy_version_f43f35d8b888e5ba4c4547c64ab694f05ae154efb87f4a1e54079acca262acd1,1H 假突破事件窗口反转 影子候选 ATR1.2 · 自动优化 1/3 / structural redesign G1,short_cycle_event_1h_failed_breakout_shadow_v2,archived,registry_version,bounded_structural_redesign_v1,short,1h,2,1.0,1,False,workflow_run_71f2667dd012363b272fad65a6bd8f25e36b76873d1fbede72672aa44d20f478,strategy_performance,"Backtest gates failed: costStress, maximumDrawdown, minimumProfitFactor, positiveAverageNetR"
strategy_version_88faec144670c4d2616165b38d49d69a719cf1786d79eecfc667655a014247e7,1H 弱势回抽窗口失败 影子候选 ATR1.2 · 自动优化 1/3,short_cycle_event_1h_failed_reclaim_shadow_v2,archived,registry_version,bounded_auto_optimization_v1,short,1h,2,0.0,1,False,workflow_run_1d284cde0f56af2d1acd4d64e064319da71fdfb91e3d43c0aa0bba8e2c27a281,strategy_performance,"Backtest gates failed: selectionCostStress, selectionMaximumDrawdown, selectionMinimumProfitFactor, selectionPositiveAverageNetR"
strategy_version_8d506708d4ebdde53ba345af5de78bba3a4d6ebb62e6cb11df04ae44dc29bf1d,1H 弱势回抽窗口失败 影子候选 ATR1.2,short_cycle_event_1h_failed_reclaim_shadow_v2,archived,registry_version,cross_timeframe_research_pack_v13_27_18,short,1h,2,1.0,1,False,workflow_run_b21528f73c017f3bf78688cbc2ce65568a5f1a9596047762679afbcf62e1d10b,strategy_performance,"Backtest gates failed: costStress, maximumDrawdown, minimumProfitFactor, positiveAverageNetR"
strategy_version_95fc1bd06a2446a117a6c2bfc6cbd5dac189be5d736162f43dbd2141f5496a4c,1H 弱势回抽窗口失败 影子候选 ATR1.2 · 自动优化 1/3 · 自动优化 2/3 · 自动优化 3/3,short_cycle_event_1h_failed_reclaim_shadow_v2,archived,registry_version,bounded_auto_optimization_v1,short,1h,2,0.0,1,False,workflow_run_9da062e07d4c93a1491a9801c5cc3aba675055e51cc5e89b90e9daf94d154087,strategy_performance,"Backtest gates failed: selectionCostStress, selectionMaximumDrawdown, selectionMinimumProfitFactor, selectionPositiveAverageNetR"
strategy_version_f612a19affa1c180f37c0d19ef570f7df7faff0303aa28027d3bd7966fcc44f5,1H 弱势回抽窗口失败 影子候选 ATR1.2 · 自动优化 1/3 · 自动优化 2/3,short_cycle_event_1h_failed_reclaim_shadow_v2,archived,registry_version,bounded_auto_optimization_v1,short,1h,2,0.0,1,False,workflow_run_00d90eca04064bb00f8109988e3aa4065cdcf14c89e16e76a0fad84d9ca0eafc,strategy_performance,"Backtest gates failed: selectionCostStress, selectionMaximumDrawdown, selectionMinimumProfitFactor, selectionPositiveAverageNetR"
strategy_version_008755a2a01fd04eff4ef5af84ad2aab605938a29f9d1d0da1f91ce4c6bc5743,1H 深弱势扫低收回 因子后继 ATR1.2 · 自动优化 1/3 · 自动优化 2/3,short_cycle_event_1h_sweep_reclaim_factor_v2,archived,registry_version,bounded_auto_optimization_v1,long,1h,2,0.0,1,False,workflow_run_6af182d1d5f5904b1774cc2542fd130ac049fa79cdafb31c77c48c4931e2dada,strategy_performance,Backtest gates failed: selectionMaximumDrawdown
strategy_version_05c158de451321444bd1ef4485305b239a0d1bdb67b369f08f95a53295bd4d8e,1H 深弱势扫低收回 因子后继 ATR1.2,short_cycle_event_1h_sweep_reclaim_factor_v2,archived,registry_version,cross_timeframe_research_pack_v13_27_18,long,1h,2,1.0,1,False,workflow_run_8f1156f0ef327409c691306225d1d6d84d23d23ad53770a3aa630b511a126430,strategy_performance,Backtest gates failed: maximumDrawdown
strategy_version_070fe0786f96157c8b930e07762fe18a5901501669509245cabbb7546e84e3fa,1H 深弱势扫低收回 因子后继 ATR1.2 · 自动优化 1/3,short_cycle_event_1h_sweep_reclaim_factor_v2,archived,registry_version,bounded_auto_optimization_v1,long,1h,2,0.0,1,False,workflow_run_f4bf8a773ddf35b8b25117055481c2dd3aa1521d460b000d132020ebe37ba2c6,strategy_performance,Backtest gates failed: selectionMaximumDrawdown
strategy_version_08a6d7f0bf3b30686b3358f3d7c51648eb66211e47607041678b82e8d2fa03bf,1H 深弱势扫低收回 因子后继 ATR1.2 · 自动优化 1/3 · 自动优化 2/3 · 自动优化 3/3,short_cycle_event_1h_sweep_reclaim_factor_v2,archived,registry_version,bounded_auto_optimization_v1,long,1h,2,0.0,1,False,workflow_run_18b227cbc8f198b63d43b5c4ce57d9892cae1d032f45c38876fa7998414178d2,strategy_performance,Backtest gates failed: selectionMaximumDrawdown
strategy_version_3cd09d9ea9cb666713fde7e1a522c6cb7423b28603732ebadd6017fae4ca8bde,1H 深弱势扫低收回 因子后继 ATR1.2 · 自动优化 1/3,short_cycle_event_1h_sweep_reclaim_factor_v2,archived,registry_version,bounded_auto_optimization_v1,long,1h,2,0.0,1,False,workflow_run_ed1f3649bac19be941d6aba42d5fdd1bf52a286cab29d4da4e92e998359ca6a6,strategy_performance,Backtest gates failed: selectionMaximumDrawdown
strategy_version_54dc908bb921b1f0dd2a92a53f505dea54d895e7e27d998bb6b828f719489430,1H 深弱势扫低收回 因子后继 ATR1.2,short_cycle_event_1h_sweep_reclaim_factor_v2,archived,registry_version,event_window_research_eligible_pack_v13_27_17,long,1h,2,1.0,1,False,workflow_run_702fdbe3e36594fe08c7925fdbaf04fbfeefc1736ae8110cd919ec5774ed2510,strategy_performance,Backtest gates failed: maximumDrawdown
strategy_version_5f8e3557f87886ff3f47b77423888c7122c41a1e8eda4be86fdc5a03850559ef,1H 深弱势扫低收回 因子后继 ATR1.2 · 自动优化 1/3 · 自动优化 2/3 · 自动优化 3/3,short_cycle_event_1h_sweep_reclaim_factor_v2,archived,registry_version,bounded_auto_optimization_v1,long,1h,2,0.0,1,False,workflow_run_4cb49489dea09498c5bb1e93c697c95b08731830d44e95c6bfdd23c77b797b81,strategy_performance,Backtest gates failed: selectionMaximumDrawdown
strategy_version_8e5ffdc72dad09b0da8b1fb7e31e77cea4db1f3a70a49a9886d2058393f30be1,1H 深弱势扫低收回 因子后继 ATR1.2 · 自动优化 1/3 · 自动优化 2/3,short_cycle_event_1h_sweep_reclaim_factor_v2,archived,registry_version,bounded_auto_optimization_v1,long,1h,2,0.0,1,False,workflow_run_cda706caa34893f2de787af06be1d3fa0fccf1f8ca3612d44280b62e020d629e,strategy_performance,Backtest gates failed: selectionMaximumDrawdown
strategy_version_6d8af5c6519fd0fdc135b17995f893d399372140cb336239614f53ef9ea6807a,1H 趋势回踩分步确认 影子候选 ATR1.2,short_cycle_event_1h_trend_reclaim_shadow_v2,archived,registry_version,cross_timeframe_research_pack_v13_27_18,long,1h,2,1.0,1,False,workflow_run_57f9d71e7b106fb969652949782df95daf25498bf4ed3e01245a1dd30ce6a6df,strategy_performance,"Backtest gates failed: costStress, maximumDrawdown, minimumProfitFactor, positiveAverageNetR"
strategy_version_7117759988d7ddd9a56d6cef98ad471e762476b38f6ea6b1d81d38095b098578,1H 趋势回踩分步确认 影子候选 ATR1.2 · 自动优化 1/3 · 自动优化 2/3 · 自动优化 3/3,short_cycle_event_1h_trend_reclaim_shadow_v2,archived,registry_version,bounded_auto_optimization_v1,long,1h,2,0.0,1,False,workflow_run_fdf32f64a3d91401ae8b3ae510da93ea252587688fc4df0f29623ef0ff2d8fd0,strategy_performance,"Backtest gates failed: selectionCostStress, selectionMaximumDrawdown, selectionMinimumProfitFactor, selectionPositiveAverageNetR"
strategy_version_b08802981c5ca148ee8040064ee9f85956155192863c577d5aa715f51d2c4205,1H 趋势回踩分步确认 影子候选 ATR1.2 · 自动优化 1/3,short_cycle_event_1h_trend_reclaim_shadow_v2,archived,registry_version,bounded_auto_optimization_v1,long,1h,2,0.0,1,False,workflow_run_49f9ef835f5e8232fcea678c1461e3112c11995e79800cf69d883ddca0d4134d,strategy_performance,"Backtest gates failed: selectionCostStress, selectionMaximumDrawdown, selectionMinimumProfitFactor, selectionPositiveAverageNetR"
strategy_version_cc56bf57787ceca514c9d47b8a09ed308ca773e0f59953f7a36d88d8f128b8c3,1H 趋势回踩分步确认 影子候选 ATR1.2 · 自动优化 1/3 · 自动优化 2/3,short_cycle_event_1h_trend_reclaim_shadow_v2,archived,registry_version,bounded_auto_optimization_v1,long,1h,2,0.0,1,False,workflow_run_7dcab09e14bdbc32ccbe893f7513b5e21b25e6d776a5caaa42f3baacee459598,strategy_performance,"Backtest gates failed: selectionCostStress, selectionMaximumDrawdown, selectionMinimumProfitFactor, selectionPositiveAverageNetR"
strategy_version_1c38fc6ed85dc65fb2df9134a09c165f1148ab7d913b4f8e31b8ede6ce5e31b7,5m 突破回踩环境确认 学习版 ATR1.8 / structural redesign G1 / structural redesign G2,short_cycle_event_5m_breakout_retest_learned_v1,archived,registry_version,bounded_structural_redesign_v1,long,5m,2,1.0,1,False,workflow_run_6e2b9572772d5103d8c0db4110cb3b6e1bbdacf52a65419b1974816031e41db4,strategy_performance,"Backtest gates failed: costStress, maximumDrawdown, minimumProfitFactor, positiveAverageNetR"
strategy_version_476e8ff51bb5532f030cb68aa62577882d04c94793a47f175dc67ac48c4fce92,5m 突破回踩环境确认 学习版 ATR1.8,short_cycle_event_5m_breakout_retest_learned_v1,archived,registry_version,cross_timeframe_research_pack_v13_27_18,long,5m,2,1.0,1,False,workflow_run_eddd2860ab366282e73d7d9ccd72df618b0c56bdcba4f301b2c5e477cd0e3818,strategy_performance,"Backtest gates failed: costStress, maximumDrawdown, minimumProfitFactor, positiveAverageNetR"
strategy_version_fbbe4f5549fe615a6bea39ca96c721a9bd5360969d16e2ce21edf7e61cff1d97,5m 突破回踩环境确认 学习版 ATR1.8 / structural redesign G1,short_cycle_event_5m_breakout_retest_learned_v1,archived,registry_version,bounded_structural_redesign_v1,long,5m,2,1.0,1,False,workflow_run_e483861e87c62e00845473ac03fe0daddf4fc3b1bbd54547b196cb30b235b166,strategy_performance,"Backtest gates failed: costStress, maximumDrawdown, minimumProfitFactor, positiveAverageNetR"
strategy_version_1a351293766540f261a4573759afb5ed1e953c8e130b54a3b08d096002e5acc2,5m 假突破反转环境确认 学习版 ATR2.2 · 自动优化 1/3 · 自动优化 2/3,short_cycle_event_5m_failed_breakout_learned_v1,archived,registry_version,bounded_auto_optimization_v1,short,5m,2,0.0,1,False,workflow_run_c18bda6219722b76d23c135b8714458dc3bf502a840481c32f34c8f3c84e5d30,strategy_performance,"Backtest gates failed: selectionCostStress, selectionMaximumDrawdown, selectionMinimumProfitFactor, selectionPositiveAverageNetR"
strategy_version_67ec8ca4c22089d6cf5cfaa6a023f44d4267260642c410c71e330b866818733d,5m 假突破反转环境确认 学习版 ATR2.2,short_cycle_event_5m_failed_breakout_learned_v1,archived,registry_version,event_window_research_eligible_pack_v13_27_17,short,5m,2,1.0,1,False,workflow_run_171c4d40945981586231eb48e964e0c9c2e9aeb59bf2134d8f30a76fe69e66f3,strategy_performance,"Backtest gates failed: costStress, maximumDrawdown, minimumProfitFactor, positiveAverageNetR"
strategy_version_87377c7327a5e738817981aca3323c459c9ebbdeb871eb69bb3a449ea99b8552,5m 假突破反转环境确认 学习版 ATR2.2,short_cycle_event_5m_failed_breakout_learned_v1,archived,registry_version,cross_timeframe_research_pack_v13_27_18,short,5m,2,1.0,1,False,workflow_run_25522b913d5942a92b76a3691d8afae5eefe8441ee32bd81ab4ac2cf4aaa00b4,strategy_performance,"Backtest gates failed: costStress, maximumDrawdown, minimumProfitFactor, positiveAverageNetR"
strategy_version_89e295379b1e3743c83c40cb3cf1de73fb105259560712ffe5d84155c2de721f,5m 假突破反转环境确认 学习版 ATR2.2 · 自动优化 1/3 · 自动优化 2/3 · 自动优化 3/3,short_cycle_event_5m_failed_breakout_learned_v1,archived,registry_version,bounded_auto_optimization_v1,short,5m,2,0.0,1,False,workflow_run_aaf2a3aab69cfe3b746e4f2f89a8adedd64553550d08d81a3649490c249952c3,strategy_performance,"Backtest gates failed: selectionCostStress, selectionMaximumDrawdown, selectionMinimumProfitFactor, selectionPositiveAverageNetR"
strategy_version_91de4d170f88a7f3fa3bc2026037c0c7d7be1cf595f36a7d409169dd227232bd,5m 假突破反转环境确认 学习版 ATR2.2 · 自动优化 1/3,short_cycle_event_5m_failed_breakout_learned_v1,archived,registry_version,bounded_auto_optimization_v1,short,5m,2,0.0,1,False,workflow_run_b441c78b3547502146c26b3020e1136e11da24e5c419908d203480ea75504ff6,strategy_performance,"Backtest gates failed: selectionCostStress, selectionMaximumDrawdown, selectionMinimumProfitFactor, selectionPositiveAverageNetR"
strategy_version_d903737c250170c46357a04279cadcbb5861853a64be8d0846cffd92e730524a,5m 假突破反转环境确认 学习版 ATR2.2 · 自动优化 1/3 · 自动优化 2/3,short_cycle_event_5m_failed_breakout_learned_v1,archived,registry_version,bounded_auto_optimization_v1,short,5m,2,0.0,1,False,workflow_run_61df30c58ed622dbec0947cca48d510f4aa98645aba2fcad13788c852fb9746a,strategy_performance,"Backtest gates failed: selectionCostStress, selectionMaximumDrawdown, selectionMinimumProfitFactor, selectionPositiveAverageNetR"
strategy_version_f1f52f75fea323b6bb8158522bbbedfdace5528f193b4ca30d8422a065764827,5m 假突破反转环境确认 学习版 ATR2.2 · 自动优化 1/3,short_cycle_event_5m_failed_breakout_learned_v1,archived,registry_version,bounded_auto_optimization_v1,short,5m,2,0.0,1,False,workflow_run_ff7791578541f647b18f07eb3fae280cfe820e5b9a2cd39917c264898bb33de2,strategy_performance,"Backtest gates failed: selectionCostStress, selectionMaximumDrawdown, selectionMinimumProfitFactor, selectionPositiveAverageNetR"
strategy_version_f8f0c0b9ebb3be2fc5ccfc38657004f689298bba4adbb18c6aacac6ccaac22bf,5m 假突破反转环境确认 学习版 ATR2.2 · 自动优化 1/3 · 自动优化 2/3 · 自动优化 3/3,short_cycle_event_5m_failed_breakout_learned_v1,archived,registry_version,bounded_auto_optimization_v1,short,5m,2,0.0,1,False,workflow_run_66eaca71febfc0b62ec493a009421632c69bc4ef80ae02f5bcb18f79d2b885f6,strategy_performance,"Backtest gates failed: selectionCostStress, selectionMaximumDrawdown, selectionMinimumProfitFactor, selectionPositiveAverageNetR"
strategy_version_0eb0679140d8d52240033238128b58b483932aa2cd9ea0d42b236c7544d23b04,5m 弱势回抽结构确认 学习版 ATR2.2 · 自动优化 1/3 · 自动优化 2/3,short_cycle_event_5m_failed_reclaim_learned_v1,archived,registry_version,bounded_auto_optimization_v1,short,5m,2,0.0,1,False,workflow_run_13081f50c6923959858ff704b00bff5dff979675db8637733ca7d590f509c359,strategy_performance,"Backtest gates failed: selectionCostStress, selectionMaximumDrawdown, selectionMinimumProfitFactor, selectionPositiveAverageNetR"
strategy_version_4b162538a3bd3dfbcfd8a85d3bff37f615cdadab2f8b071e58f58c97415f3255,5m 弱势回抽结构确认 学习版 ATR2.2 · 自动优化 1/3 · 自动优化 2/3 · 自动优化 3/3,short_cycle_event_5m_failed_reclaim_learned_v1,archived,registry_version,bounded_auto_optimization_v1,short,5m,2,0.0,1,False,workflow_run_3da1c1557112eb7e165ac9bab12a526d52b843f8d58bbf6fc8661033581c7000,strategy_performance,"Backtest gates failed: selectionCostStress, selectionMaximumDrawdown, selectionMinimumProfitFactor, selectionPositiveAverageNetR"
strategy_version_80e9a47d3312ef762535741122db189df131abcca7effa4373a2242d684413ac,5m 弱势回抽结构确认 学习版 ATR2.2,short_cycle_event_5m_failed_reclaim_learned_v1,archived,registry_version,cross_timeframe_research_pack_v13_27_18,short,5m,2,1.0,1,False,workflow_run_c309591a0f83774e3ec85127e6838466859563362a2627f549a9c3d3b57604c2,strategy_performance,"Backtest gates failed: costStress, maximumDrawdown, minimumProfitFactor, positiveAverageNetR"
strategy_version_ddf1fe001b77c3656c6ecd6c5ec73332d4b8c1f96f31e522b68e07721ef32372,5m 弱势回抽结构确认 学习版 ATR2.2 · 自动优化 1/3,short_cycle_event_5m_failed_reclaim_learned_v1,archived,registry_version,bounded_auto_optimization_v1,short,5m,2,0.0,1,False,workflow_run_ff4990ac3bc8fb8a2f013d8ccdec5569141aafd61c1981e5d0497a3ed490cace,strategy_performance,"Backtest gates failed: selectionCostStress, selectionMaximumDrawdown, selectionMinimumProfitFactor, selectionPositiveAverageNetR"
strategy_version_5b4fccd17b795568fa47313a5a1ab4d4e6decbcf2d53e1ba9c5b5c25609da5fa,5m 扫低收回环境确认 学习版 ATR2.2 · 自动优化 1/3 · 自动优化 2/3,short_cycle_event_5m_sweep_reclaim_learned_v1,archived,registry_version,bounded_auto_optimization_v1,long,5m,2,0.0,1,False,workflow_run_bd2c4b54dea475b7a7a759c9e2a90792086cfbbc7b6aca13fe42b2deacb62f9e,strategy_performance,"Backtest gates failed: selectionCostStress, selectionMaximumDrawdown, selectionMinimumProfitFactor, selectionPositiveAverageNetR"
strategy_version_9aef8fee9a9d990b63f7e58f791bfcc09cc8d11dc5025e3bc677d0be29fef37e,5m 扫低收回环境确认 学习版 ATR2.2,short_cycle_event_5m_sweep_reclaim_learned_v1,archived,registry_version,cross_timeframe_research_pack_v13_27_18,long,5m,2,1.0,1,False,workflow_run_6ba7cba001eb13ff93cc1405984837e9c671b4f799b92db5d928c6fc9364977c,strategy_performance,"Backtest gates failed: costStress, maximumDrawdown, minimumProfitFactor, positiveAverageNetR"
strategy_version_e6cb07d1ef5d7aab5aa754afc4271c3ebeb33286fe7eced01e57970fe70d99a8,5m 扫低收回环境确认 学习版 ATR2.2 · 自动优化 1/3 · 自动优化 2/3 · 自动优化 3/3,short_cycle_event_5m_sweep_reclaim_learned_v1,archived,registry_version,bounded_auto_optimization_v1,long,5m,2,0.0,1,False,workflow_run_8006fc6d54a9d79f97b7ccec15de524073cd767c13622885cd41180d406ef8d2,strategy_performance,"Backtest gates failed: selectionCostStress, selectionMaximumDrawdown, selectionMinimumProfitFactor, selectionPositiveAverageNetR"
strategy_version_f72a36958b84c96f46408cbfa33426e22520af1e4a1bce85bce7128761a18d49,5m 扫低收回环境确认 学习版 ATR2.2 · 自动优化 1/3,short_cycle_event_5m_sweep_reclaim_learned_v1,archived,registry_version,bounded_auto_optimization_v1,long,5m,2,0.0,1,False,workflow_run_c8e204add6787769285f8563193b9e836958c02f89c9a15bb6eeb85205c0867f,strategy_performance,"Backtest gates failed: selectionCostStress, selectionMaximumDrawdown, selectionMinimumProfitFactor, selectionPositiveAverageNetR"
strategy_version_05689a68b80d1be21e504bf002f7bd3c72c62e7be50e96d7619e3f8a84ef8740,5m 趋势回踩事件确认 学习版 ATR2.2 / structural redesign G1,short_cycle_event_5m_trend_reclaim_learned_v1,archived,registry_version,bounded_structural_redesign_v1,long,5m,2,1.0,1,False,workflow_run_b5ddd892fe5e78083750a3df80d79613f57680889e4bd934c43b92dab8bdd93f,strategy_performance,"Backtest gates failed: costStress, maximumDrawdown, minimumProfitFactor, positiveAverageNetR"
strategy_version_222ddfc3e324d0a3b70952d3d87aaf587f787282173e75c6824ac854ebbc3d53,5m 趋势回踩事件确认 学习版 ATR2.2 / structural redesign G1 / structural redesign G2,short_cycle_event_5m_trend_reclaim_learned_v1,archived,registry_version,bounded_structural_redesign_v1,long,5m,2,1.0,1,False,workflow_run_ecf1ab2124bccd7bb788be2a93f889e70a6ceab6be2acef02897ee52b7f6e842,strategy_performance,"Backtest gates failed: costStress, maximumDrawdown, minimumProfitFactor, positiveAverageNetR"
strategy_version_330fd45b57f0fb1563554a5a63d92df7e0861e641f64a7ce0f0ef4264c930465,5m 趋势回踩事件确认 学习版 ATR2.2 · 自动优化 1/3 · 自动优化 2/3 · 自动优化 3/3,short_cycle_event_5m_trend_reclaim_learned_v1,archived,registry_version,bounded_auto_optimization_v1,long,5m,2,0.0,1,False,workflow_run_0b8931a9bd7ec0a6f365975f8068a4f97ab77222b3cc0f245efda89930c35a6c,strategy_performance,"Backtest gates failed: selectionCostStress, selectionMaximumDrawdown, selectionMinimumProfitFactor, selectionPositiveAverageNetR"
strategy_version_56f30d9be22f531e5c43ee34c2e091944781080b42036dc6ebb766f42559f748,5m 趋势回踩事件确认 学习版 ATR2.2,short_cycle_event_5m_trend_reclaim_learned_v1,archived,registry_version,cross_timeframe_research_pack_v13_27_18,long,5m,2,1.0,1,False,workflow_run_7fbfa118bad990ec482c9d1a7aa97da5f816b9a693306c0813796ce85d9b0781,strategy_performance,"Backtest gates failed: costStress, maximumDrawdown, minimumProfitFactor, positiveAverageNetR"
strategy_version_b525a32c667f3053b47bea4718f54529a518aca69ce840806c3ff5cf60d2e70c,5m 趋势回踩事件确认 学习版 ATR2.2 · 自动优化 1/3 · 自动优化 2/3,short_cycle_event_5m_trend_reclaim_learned_v1,archived,registry_version,bounded_auto_optimization_v1,long,5m,2,0.0,1,False,workflow_run_468d3275eaf97ad4616ae7495912bb88b81b67a7b4d7b8965d8c2b2ae38e8e39,strategy_performance,"Backtest gates failed: selectionCostStress, selectionMaximumDrawdown, selectionMinimumProfitFactor, selectionPositiveAverageNetR"
strategy_version_c42374d5557924f4d158a08fe251aafaf43065596bad5e5dfdccb85269724df0,5m 趋势回踩事件确认 学习版 ATR2.2 · 自动优化 1/3,short_cycle_event_5m_trend_reclaim_learned_v1,archived,registry_version,bounded_auto_optimization_v1,long,5m,2,0.0,1,False,workflow_run_a556586ec5f2ec3e21e14a868618c3990cf2d87c75702ae2e2bfdc6248b21dbf,strategy_performance,"Backtest gates failed: selectionCostStress, selectionMaximumDrawdown, selectionMinimumProfitFactor, selectionPositiveAverageNetR"
strategy_version_c81768821ef2c1eea5d4f60b965305543d5ae915f6301367d3e7818be66535d1,5m 趋势回踩事件确认 学习版 ATR2.2,short_cycle_event_5m_trend_reclaim_learned_v1,archived,registry_version,event_window_research_eligible_pack_v13_27_17,long,5m,2,1.0,1,False,workflow_run_bf4e15d1cc47caa65abe7869626fcaa5fb01f1592a92f27022b4f7feb92a38d6,strategy_performance,"Backtest gates failed: costStress, maximumDrawdown, minimumProfitFactor, positiveAverageNetR"
strategy_version_41229069456cb26804da55216affd5d5b59d73c282f2011e2a745d78cc0a99cc,15m 突破回踩确认 ATR1.2 / structural redesign G1 / structural redesign G2,short_cycle_evidence_15m_breakout_retest_continuation_long_v1,archived,registry_version,bounded_structural_redesign_v1,long,15m,2,1.0,1,False,workflow_run_440891a911cac907a8f42a71e61a3b91ab74d98085d624fa9c2c3a65c4ed39c2,strategy_performance,"Backtest gates failed: costStress, maximumDrawdown, minimumProfitFactor, positiveAverageNetR"
strategy_version_767700b3d846848b535eb749a8f5974bb9426b6f5dd1be5b8b497cbac239ba27,15m 突破回踩确认 ATR1.2 / structural redesign G1,short_cycle_evidence_15m_breakout_retest_continuation_long_v1,archived,registry_version,bounded_structural_redesign_v1,long,15m,2,1.0,1,False,workflow_run_b1d2419eb58b839b3b0c4bd68e54e94f980aa57bf5ce41ba68443bf637652055,strategy_performance,"Backtest gates failed: costStress, maximumDrawdown, minimumProfitFactor, positiveAverageNetR"
strategy_version_824b0d38365ab5990bc7eeaf5783bdead9922123eab822eb6ae02643635711a7,15m 突破回踩确认 ATR1.2,short_cycle_evidence_15m_breakout_retest_continuation_long_v1,archived,registry_version,short_cycle_evidence_redesign_pack_v13_27_15,long,15m,2,1.0,1,False,workflow_run_96ef368b66a1dcb6b617c98fd867b526324502ca093bc8517853268d8a312a9f,strategy_performance,"Backtest gates failed: costStress, maximumDrawdown, minimumProfitFactor, positiveAverageNetR"
strategy_version_27fd5f3bec8eb25c95d6f72c51ad3531a0ea96778ee789d708183dbbd1ae32f7,15m 假突破反转 ATR1.2 / structural redesign G1 / structural redesign G2,short_cycle_evidence_15m_failed_breakout_reversal_short_v1,archived,registry_version,bounded_structural_redesign_v1,short,15m,2,1.0,1,False,workflow_run_31f878e44520f67d8979beccaa24101d513a9a645724616c337d645e59b8ec37,strategy_performance,"Backtest gates failed: costStress, maximumDrawdown, minimumProfitFactor, positiveAverageNetR"
strategy_version_56ce4f09a36b1f5f8bf125ca428ca700b50e28e304f887f860ffc5eba898ad3d,15m 假突破反转 ATR1.2 / structural redesign G1 / structural redesign G2 / structural redesign G3,short_cycle_evidence_15m_failed_breakout_reversal_short_v1,archived,registry_version,bounded_structural_redesign_v1,short,15m,2,1.0,1,False,workflow_run_e3a4dff4940acc1a489fcb2b3f66ebaa24ba954d864afc3f10da296f905348e4,strategy_performance,"Backtest gates failed: costStress, maximumDrawdown, minimumProfitFactor, positiveAverageNetR"
strategy_version_a1b44db2521cbd01d478a1d613f8e5be2e939fa01ef108cc1b2d3c4febc241f3,15m 假突破反转 ATR1.2,short_cycle_evidence_15m_failed_breakout_reversal_short_v1,archived,registry_version,short_cycle_evidence_redesign_pack_v13_27_15,short,15m,2,1.0,1,False,workflow_run_78b357fd3ea65e865f1b26c8743cd31074367914545c9622a6a2d938b7ff600e,strategy_performance,"Backtest gates failed: costStress, maximumDrawdown, minimumProfitFactor, positiveAverageNetR"
strategy_version_bb45a7d27301d41c6b6de43c6330f09067dc53665cf86f5e5004d9a346cd020c,15m 假突破反转 ATR1.2 / structural redesign G1,short_cycle_evidence_15m_failed_breakout_reversal_short_v1,archived,registry_version,bounded_structural_redesign_v1,short,15m,2,1.0,1,False,workflow_run_de562adfe3703f5bfdc0d1af8f2a665fb94861717fc6ffc16b78540db6c7f7bb,strategy_performance,"Backtest gates failed: costStress, maximumDrawdown, minimumProfitFactor, positiveAverageNetR"
strategy_version_542ff53cc36908de9bc994730c19ae2878afb17fa6a78c86880ec906cf07daba,15m 流动性扫低收回 ATR1.2,short_cycle_evidence_15m_liquidity_sweep_reclaim_long_v1,archived,registry_version,short_cycle_evidence_redesign_pack_v13_27_15,long,15m,2,1.0,1,False,workflow_run_fec19bf534dae5fa1d15fdd561edb952c4c21de1c2066f7cd4fb24242d013e72,strategy_performance,"Backtest gates failed: costStress, maximumDrawdown, minimumProfitFactor, positiveAverageNetR"
strategy_version_c99f0d05baef1c0935cdcb5498f61b543e1a4c90b3579d88a6407bc7fe1e9f4e,15m 流动性扫低收回 ATR1.2 / structural redesign G1 / structural redesign G2,short_cycle_evidence_15m_liquidity_sweep_reclaim_long_v1,archived,registry_version,bounded_structural_redesign_v1,long,15m,2,1.0,1,False,workflow_run_9ecf352b41e618f8f67f4af53ab8c5519221ecd7187988367d4f95c88d3b3a1e,strategy_performance,"Backtest gates failed: costStress, maximumDrawdown, minimumProfitFactor, positiveAverageNetR"
strategy_version_e01df5e0e7a54eb711ceae12f5cb2c119fdfd08e439eb12b2f8fd2a0800a7dad,15m 流动性扫低收回 ATR1.2 / structural redesign G1,short_cycle_evidence_15m_liquidity_sweep_reclaim_long_v1,archived,registry_version,bounded_structural_redesign_v1,long,15m,2,1.0,1,False,workflow_run_b06f1535cff7668fcc9059696eec0d9e36a58759343e8f766041afa7c0fd36aa,strategy_performance,"Backtest gates failed: costStress, maximumDrawdown, minimumProfitFactor, positiveAverageNetR"
strategy_version_506a9ce42ae1ea43c4a3827066b19599a95bc3100efba1ba4def848c165a9c25,5m 突破回踩确认 ATR1.0 / structural redesign G1,short_cycle_evidence_5m_breakout_retest_continuation_long_v1,archived,registry_version,bounded_structural_redesign_v1,long,5m,2,1.0,1,False,workflow_run_c7c17129fe13f2a4f8a432698a590e53c970c38c98d3a325b52bd9734cb89a85,strategy_performance,"Backtest gates failed: costStress, maximumDrawdown, minimumProfitFactor, positiveAverageNetR"
strategy_version_a7034e927ad35727e8887e5bd31e01c48f600e4a5b2e134133487ceff16dae06,5m 突破回踩确认 ATR1.0,short_cycle_evidence_5m_breakout_retest_continuation_long_v1,archived,registry_version,short_cycle_evidence_redesign_pack_v13_27_15,long,5m,2,1.0,1,False,workflow_run_c27d630358465f621f1c06416adeaad37da6155668ac151f9876100d66d94b7e,strategy_performance,"Backtest gates failed: costStress, maximumDrawdown, minimumProfitFactor, positiveAverageNetR"
strategy_version_ce7497f36d29fc9fd0fa18df052a89fee8618d4fa8739c391c5e0b2a750dc4c8,5m 突破回踩确认 ATR1.0 / structural redesign G1 / structural redesign G2,short_cycle_evidence_5m_breakout_retest_continuation_long_v1,archived,registry_version,bounded_structural_redesign_v1,long,5m,2,1.0,1,False,workflow_run_673c6e4dfa7b38465de0d4339895ef3140327e115235a561b615e561624de8bc,strategy_performance,"Backtest gates failed: costStress, maximumDrawdown, minimumProfitFactor, positiveAverageNetR"
strategy_version_0cf51288ee566adefee0a3e66f65e8c314d09c5d67284d326ad1fe7842f9c0e9,5m 假突破反转 ATR1.0 / structural redesign G1 / structural redesign G2 / structural redesign G3,short_cycle_evidence_5m_failed_breakout_reversal_short_v1,archived,registry_version,bounded_structural_redesign_v1,short,5m,2,1.0,1,False,workflow_run_09c0284347a86c51f792aa57547c368ae345bb1b711ac22c04e97258904ef6a7,strategy_performance,"Backtest gates failed: costStress, maximumDrawdown, minimumProfitFactor, positiveAverageNetR"
strategy_version_11a1166b371a5b2a5f2ab440b0430a80e5e7a0f10d6811440560eb56e8809cfc,5m 假突破反转 ATR1.0,short_cycle_evidence_5m_failed_breakout_reversal_short_v1,archived,registry_version,short_cycle_evidence_redesign_pack_v13_27_15,short,5m,2,1.0,1,False,workflow_run_a759634fc66a987bbf57df3ddbda8813f2dc217932b77ecd0fa30a16003088b9,strategy_performance,"Backtest gates failed: costStress, maximumDrawdown, minimumProfitFactor, positiveAverageNetR"
strategy_version_426059f2af027d042d25eb5b63785a81604d5f7c191bab45b260a99fb8ef3d89,5m 假突破反转 ATR1.0 / structural redesign G1,short_cycle_evidence_5m_failed_breakout_reversal_short_v1,archived,registry_version,bounded_structural_redesign_v1,short,5m,2,1.0,1,False,workflow_run_cbfb2170964aad98f9e07fdadcd23bbf6565930ca8932cba799f6799789216f2,strategy_performance,"Backtest gates failed: costStress, maximumDrawdown, minimumProfitFactor, positiveAverageNetR"
strategy_version_b79a48926c60f1361b18d9256a706d4c89e8263e0a5ca1b7b4a04d49db40d1a9,5m 假突破反转 ATR1.0 / structural redesign G1 / structural redesign G2,short_cycle_evidence_5m_failed_breakout_reversal_short_v1,archived,registry_version,bounded_structural_redesign_v1,short,5m,2,1.0,1,False,workflow_run_4b3987c3a848c865651c4c5789c4475dbb65c8164f0b259ec553e87f43fae5dd,strategy_performance,"Backtest gates failed: costStress, maximumDrawdown, minimumProfitFactor, positiveAverageNetR"
strategy_version_b6b5376d3e8c0c0524410644db698c0e936279c821c630376663463fb61f2e89,5m 流动性扫低收回 ATR1.0,short_cycle_evidence_5m_liquidity_sweep_reclaim_long_v1,archived,registry_version,short_cycle_evidence_redesign_pack_v13_27_15,long,5m,2,1.0,1,False,workflow_run_8a363420d22b7e43e646271f44f87d07190f6db98314db98fbad14fe303f6f70,strategy_performance,"Backtest gates failed: costStress, maximumDrawdown, minimumProfitFactor, positiveAverageNetR"
strategy_version_c916ba5984c3db583c00a49bec3313700eed0b71ebdaf272a6f94dadf424e16d,5m 流动性扫低收回 ATR1.0 / structural redesign G1 / structural redesign G2,short_cycle_evidence_5m_liquidity_sweep_reclaim_long_v1,archived,registry_version,bounded_structural_redesign_v1,long,5m,2,1.0,1,False,workflow_run_9a0ecd7c02613c10fba05065be5cfcd7af3a6fc95bd631d88f0b8e8e4d22f79d,strategy_performance,"Backtest gates failed: costStress, maximumDrawdown, minimumProfitFactor, positiveAverageNetR"
strategy_version_dd299059536496f8a40644dc846bb5244f3a83d5d58cfd00dc547e9dad1e71b0,5m 流动性扫低收回 ATR1.0 / structural redesign G1,short_cycle_evidence_5m_liquidity_sweep_reclaim_long_v1,archived,registry_version,bounded_structural_redesign_v1,long,5m,2,1.0,1,False,workflow_run_29e5c0fb7b4575ea38adc835449347557daa01087994ba65b8357d6b36311c77,strategy_performance,"Backtest gates failed: costStress, maximumDrawdown, minimumProfitFactor, positiveAverageNetR"
strategy_version_4cc537b0d26717bf553e51f4d6dd9042523bae420e2013a1c71d8900b4d5fd9c,15m 压缩放量释放 ATR1.3,short_cycle_redesign_15m_compression_release_long_v1,archived,registry_version,short_cycle_redesign_pack_v13_27_13,long,15m,2,1.0,1,False,workflow_run_30ad9412aca0f86cea9bd6920c04ded42355905a5e9706003675367e33847b59,strategy_performance,"Backtest gates failed: costStress, maximumDrawdown, minimumProfitFactor, positiveAverageNetR"
strategy_version_3753194cdc3c822f2141b1215f2921dcb9b6d6a622f53083a1d97fb2767be4ce,15m 弱势反抽失败 ATR1.2,short_cycle_redesign_15m_failed_reclaim_short_v1,archived,registry_version,short_cycle_redesign_pack_v13_27_13,short,15m,2,1.0,1,False,workflow_run_0350b3d24f1b301cd5fef0271b444e317505f6e5fdbf61b334d9c66204e2e734,strategy_performance,"Backtest gates failed: costStress, maximumDrawdown, minimumProfitFactor, positiveAverageNetR"
strategy_version_2df1a1f4ee5d4c3297f948fe4e1f80f2027b6b49eb7f4d1a33526ada531d09f0,15m 顺势回踩确认 ATR1.2,short_cycle_redesign_15m_trend_pullback_confirmation_long_v1,archived,registry_version,short_cycle_redesign_pack_v13_27_13,long,15m,2,1.0,1,False,workflow_run_2197f6f08f2be5da670bcfbe24f32efd41228e8bb03bb750d021b4a034d5a134,strategy_performance,"Backtest gates failed: costStress, maximumDrawdown, minimumProfitFactor, positiveAverageNetR"
strategy_version_76abedd146e0ba2af80185183b6e3b6c392bd144dd03f471669913f00f4c7623,5m 压缩放量释放 ATR1.1,short_cycle_redesign_5m_compression_release_long_v1,archived,registry_version,short_cycle_redesign_pack_v13_27_13,long,5m,2,1.0,1,False,workflow_run_d38dc9174ca77a8f4ed2ec1993941da054f7a34366dbb0c046b5209ed4376974,strategy_performance,"Backtest gates failed: costStress, maximumDrawdown, minimumProfitFactor, positiveAverageNetR"
strategy_version_29108b7e73fa0c17fc7aa025ad86ccf6e8eb365fa34f235b79250fd0ed6423f6,5m 弱势反抽失败 ATR1.0,short_cycle_redesign_5m_failed_reclaim_short_v1,archived,registry_version,short_cycle_redesign_pack_v13_27_13,short,5m,2,1.0,1,False,workflow_run_045796a146e35bb96db0ad1eac5efb8447f01dc83c7dcb78c32d1194bc2fd7ab,strategy_performance,"Backtest gates failed: costStress, maximumDrawdown, minimumProfitFactor, positiveAverageNetR"
strategy_version_2c8eb0166c21ef2ecd3c1a4fa20a4e8bba01e456e84917ecdaf83502f0b7181c,5m 顺势回踩确认 ATR1.0,short_cycle_redesign_5m_trend_pullback_confirmation_long_v1,archived,registry_version,short_cycle_redesign_pack_v13_27_13,long,5m,2,1.0,1,False,workflow_run_1fe81a168f0ef6d1f3d495d2965d456b62ac5ccf29a7fd3db22b757813531ead,strategy_performance,"Backtest gates failed: costStress, maximumDrawdown, minimumProfitFactor, positiveAverageNetR"
