strategyId,strategyName,strategyFamily,timeframe,status,primaryFailureType,primaryFailureLabelZh,severity,confidence,confidenceScore,causalityProven
freqtrade::AlphaPilotBatchA_EMATrendLong4H,AlphaPilotBatchA_EMATrendLong4H,AlphaPilotBatchA_EMATrendLong4H,,archived_legacy_evidence,signal_edge_failure,信号边际为负,critical,high,0.98,False
freqtrade::AlphaPilotBatchB_EMATrendShort4H,AlphaPilotBatchB_EMATrendShort4H,AlphaPilotBatchB_EMATrendShort4H,,archived_legacy_evidence,signal_edge_failure,信号边际为负,critical,high,0.98,False
freqtrade::AlphaPilotBatchC_BreakoutRetestLong4H,AlphaPilotBatchC_BreakoutRetestLong4H,AlphaPilotBatchC_BreakoutRetestLong4H,,archived_legacy_evidence,signal_edge_failure,信号边际为负,critical,high,0.98,False
freqtrade::AlphaPilotBatchD_BreakdownRetestShort4H,AlphaPilotBatchD_BreakdownRetestShort4H,AlphaPilotBatchD_BreakdownRetestShort4H,,archived_legacy_evidence,signal_edge_failure,信号边际为负,critical,high,0.98,False
freqtrade::AlphaPilotBatchE_BollingerReversionLong4H,AlphaPilotBatchE_BollingerReversionLong4H,AlphaPilotBatchE_BollingerReversionLong4H,,archived_legacy_evidence,signal_edge_failure,信号边际为负,critical,high,0.98,False
freqtrade::AlphaPilotBatchF_BollingerReversionShort4H,AlphaPilotBatchF_BollingerReversionShort4H,AlphaPilotBatchF_BollingerReversionShort4H,,archived_legacy_evidence,signal_edge_failure,信号边际为负,critical,high,0.98,False
freqtrade::AlphaPilotBatchG_RelativeStrengthLong4H,AlphaPilotBatchG_RelativeStrengthLong4H,AlphaPilotBatchG_RelativeStrengthLong4H,,archived_legacy_evidence,signal_edge_failure,信号边际为负,critical,high,0.98,False
freqtrade::AlphaPilotBatchH_VolatilityCompressionBreakout4H,AlphaPilotBatchH_VolatilityCompressionBreakout4H,AlphaPilotBatchH_VolatilityCompressionBreakout4H,,archived_legacy_evidence,signal_edge_failure,信号边际为负,critical,high,0.98,False
freqtrade::AlphaPilotDynamicRegimeV01,AlphaPilotDynamicRegimeV01,AlphaPilotDynamicRegimeV01,,archived_legacy_evidence,zero_trade_or_blocked,零交易或流程阻塞,high,high,0.98,False
freqtrade::AlphaPilotLowFrequencyDirectional4HV01,AlphaPilotLowFrequencyDirectional4HV01,AlphaPilotLowFrequencyDirectional4HV01,,archived_legacy_evidence,signal_edge_failure,信号边际为负,critical,high,0.98,False
freqtrade::AlphaPilotShortRejection1HV01,AlphaPilotShortRejection1HV01,AlphaPilotShortRejection1HV01,,archived_legacy_evidence,signal_edge_failure,信号边际为负,critical,high,0.98,False
freqtrade::AlphaPilotTrendPullback1HV01,AlphaPilotTrendPullback1HV01,AlphaPilotTrendPullback1HV01,,archived_legacy_evidence,signal_edge_failure,信号边际为负,critical,high,0.98,False
freqtrade::AlphaPilotVolumeReboundV01,AlphaPilotVolumeReboundV01,AlphaPilotVolumeReboundV01,15m,archived_legacy_evidence,signal_edge_failure,信号边际为负,critical,high,0.98,False
freqtrade::AlphaPilotVolumeReboundV02ATrendStrict,AlphaPilotVolumeReboundV02ATrendStrict,AlphaPilotVolumeReboundV02ATrendStrict,15m,archived_legacy_evidence,signal_edge_failure,信号边际为负,critical,high,0.98,False
freqtrade::AlphaPilotVolumeReboundV02BVolumeQuality,AlphaPilotVolumeReboundV02BVolumeQuality,AlphaPilotVolumeReboundV02BVolumeQuality,15m,archived_legacy_evidence,signal_edge_failure,信号边际为负,critical,high,0.98,False
freqtrade::AlphaPilotVolumeReboundV02CExitCleanup,AlphaPilotVolumeReboundV02CExitCleanup,AlphaPilotVolumeReboundV02CExitCleanup,15m,archived_legacy_evidence,signal_edge_failure,信号边际为负,critical,high,0.98,False
freqtrade::AlphaPilotVolumeReboundV02DEarlyFailureExit,AlphaPilotVolumeReboundV02DEarlyFailureExit,AlphaPilotVolumeReboundV02DEarlyFailureExit,15m,archived_legacy_evidence,signal_edge_failure,信号边际为负,critical,high,0.98,False
freqtrade::AlphaPilotVolumeReboundV02EPairRiskWatchlist,AlphaPilotVolumeReboundV02EPairRiskWatchlist,AlphaPilotVolumeReboundV02EPairRiskWatchlist,15m,archived_legacy_evidence,signal_edge_failure,信号边际为负,critical,high,0.98,False
freqtrade::BenchmarkBollingerRebound,BenchmarkBollingerRebound,BenchmarkBollingerRebound,,archived_legacy_evidence,signal_edge_failure,信号边际为负,critical,high,0.98,False
freqtrade::BenchmarkEMATrend,BenchmarkEMATrend,BenchmarkEMATrend,,archived_legacy_evidence,signal_edge_failure,信号边际为负,critical,high,0.98,False
freqtrade::BenchmarkMACDVolume,BenchmarkMACDVolume,BenchmarkMACDVolume,,archived_legacy_evidence,signal_edge_failure,信号边际为负,critical,high,0.98,False
freqtrade::BenchmarkRSIMeanReversion,BenchmarkRSIMeanReversion,BenchmarkRSIMeanReversion,,archived_legacy_evidence,signal_edge_failure,信号边际为负,critical,high,0.98,False
freqtrade::BenchmarkTD9Exhaustion,BenchmarkTD9Exhaustion,BenchmarkTD9Exhaustion,,archived_legacy_evidence,signal_edge_failure,信号边际为负,critical,high,0.98,False
strategy_version_088bf157d71a8d1dd0112e7ad49342f5bca594e8c49755f08b8d692b08941e1e,Alpha191 加密因子观察策略,alpha191_crypto_observer,4h,archived,signal_edge_failure,信号边际为负,critical,high,0.98,False
legacy::rejected_benchmark_martingale,Rejected Benchmark Martingale,benchmark_suite,1h,rejected,rejected_risk_design,风险设计被禁止,medium,medium,0.666,False
strategy_version_2c62fea97eaaab20178814e83921e7bad9c869ba35b6a494548fc89be3a4d406,1D 趋势突破回踩 ATR2.0 · 自动优化 1/3,event_1d_breakout_retest_atr20_v1,1d,archived,data_evidence_gap,证据不完整,medium,medium,0.54,False
strategy_version_b854fd47e5a99350c6df96956a21f2030bb2250f8d8e7f10afb6306e6c6d0245,1D 趋势突破回踩 ATR2.0 · 自动优化 1/3 · 自动优化 2/3,event_1d_breakout_retest_atr20_v1,1d,archived,data_evidence_gap,证据不完整,medium,medium,0.54,False
strategy_version_c0afa97d531616a24d020e2aad5acd5df1168b41e7acbccab330549821aaa7d8,1D 趋势突破回踩 ATR2.0,event_1d_breakout_retest_atr20_v1,1d,archived,risk_model_failure,账户风险路径不合格,high,high,0.98,False
strategy_version_ff1f066c0bc682663457e4e8ef7cc1d6e46331c29c00ffe56323177984dceb60,1D 趋势突破回踩 ATR2.0 · 自动优化 1/3 · 自动优化 2/3 · 自动优化 3/3,event_1d_breakout_retest_atr20_v1,1d,archived,data_evidence_gap,证据不完整,medium,medium,0.54,False
strategy_version_0dc7701b4b48a6d2d3eaf727bfec274b5ca93016a5ea9aa862ffcc7f3ebe9b1b,1D 广谱压缩释放 ATR2.0,event_1d_broad_squeeze_breakout_atr20_v1,1d,archived,risk_model_failure,账户风险路径不合格,high,high,0.98,False
strategy_version_aff7a9c0495d809daa6c0df66c7432e2a79bc6e9bfee1cf592b086c7d7e421c5,1D 广谱压缩释放 ATR2.0 · 自动优化 1/3 · 自动优化 2/3,event_1d_broad_squeeze_breakout_atr20_v1,1d,archived,data_evidence_gap,证据不完整,medium,medium,0.54,False
strategy_version_f5f3ea08e1e34ad1297339ae7f219a26ec6e39566258d9e40df48a00a123401b,1D 广谱压缩释放 ATR2.0 · 自动优化 1/3,event_1d_broad_squeeze_breakout_atr20_v1,1d,archived,data_evidence_gap,证据不完整,medium,medium,0.54,False
strategy_version_ff49c87e1ec6c73b2560d6ca04dde48b5ebed7ed2c5feefc4cc8a99dd020d362,1D 广谱压缩释放 ATR2.0 · 自动优化 1/3 · 自动优化 2/3 · 自动优化 3/3,event_1d_broad_squeeze_breakout_atr20_v1,1d,archived,data_evidence_gap,证据不完整,medium,medium,0.54,False
strategy_version_0dab3d1e18d9ca2b7e134d10b5da056adb0955d1ac6dfb018c287f926dbb9ce2,1D 超卖扫低收回 ATR1.0 影子 · 自动优化 1/3 · 自动优化 2/3 · 自动优化 3/3,event_1d_oversold_sweep_reclaim_atr10_v1,1d,archived,data_evidence_gap,证据不完整,medium,medium,0.54,False
strategy_version_1373c55a0b9b420840b6d01374e174c021527f190c8a5b2ce53888996b3dd8bc,1D 超卖扫低收回 ATR1.0 影子 · 自动优化 1/3 · 自动优化 2/3,event_1d_oversold_sweep_reclaim_atr10_v1,1d,archived,data_evidence_gap,证据不完整,medium,medium,0.54,False
strategy_version_3b81321505e0f36008a1b3930cb7f73131dbea7bcc010bec1a9dcd0e08868343,1D 超卖扫低收回 ATR1.0 影子 · 自动优化 1/3,event_1d_oversold_sweep_reclaim_atr10_v1,1d,archived,data_evidence_gap,证据不完整,medium,medium,0.54,False
strategy_version_9177137252db0033a4ce8d84195f3eefa0eca2762d49257fed2cd35a6fad647d,1D 超卖扫低收回 ATR1.0 影子,event_1d_oversold_sweep_reclaim_atr10_v1,1d,archived,signal_edge_failure,信号边际为负,critical,high,0.98,False
strategy_version_161c4b3d866ad1cc7d500791a4d7d188f4a2371463ac05fcdad5ffd46c64cee6,1D 超卖扫低收回 ATR1.2 影子 · 自动优化 1/3 · 自动优化 2/3,event_1d_oversold_sweep_reclaim_atr12_v1,1d,archived,data_evidence_gap,证据不完整,medium,medium,0.54,False
strategy_version_24a8b0e0d1b5d871b487fa2827be138d5b1eb572ff76be176145368348d7f4ee,1D 超卖扫低收回 ATR1.2 影子 · 自动优化 1/3 · 自动优化 2/3 · 自动优化 3/3,event_1d_oversold_sweep_reclaim_atr12_v1,1d,archived,data_evidence_gap,证据不完整,medium,medium,0.54,False
strategy_version_c308c66aeb070009e17ff1eaeb63177d4c17647c6679ca13d8dd49a011d84085,1D 超卖扫低收回 ATR1.2 影子,event_1d_oversold_sweep_reclaim_atr12_v1,1d,archived,risk_model_failure,账户风险路径不合格,high,high,0.98,False
strategy_version_d60318ed12b046daf11532980d9ee32d351bf4768de70643064b4dfb1668da13,1D 超卖扫低收回 ATR1.2 影子 · 自动优化 1/3,event_1d_oversold_sweep_reclaim_atr12_v1,1d,archived,data_evidence_gap,证据不完整,medium,medium,0.54,False
strategy_version_50f9997f897aed3273c0ad22e23c1498919e1969e2d4c4b2717c9a77bb2dafdb,1D 趋势压缩释放 ATR2.0 · 自动优化 1/3,event_1d_squeeze_breakout_atr20_v1,1d,archived,data_evidence_gap,证据不完整,medium,medium,0.54,False
strategy_version_a80c785eebf379a311de35b1697e39956849177a157f2d789aaeed433f3a80e3,1D 趋势压缩释放 ATR2.0,event_1d_squeeze_breakout_atr20_v1,1d,archived,risk_model_failure,账户风险路径不合格,high,high,0.98,False
strategy_version_d4d841276584aca7194e5a5c2fa51377333218a9d6b0f69a0fee58c8207f9386,1D 趋势压缩释放 ATR2.0 · 自动优化 1/3 · 自动优化 2/3 · 自动优化 3/3,event_1d_squeeze_breakout_atr20_v1,1d,archived,data_evidence_gap,证据不完整,medium,medium,0.54,False
strategy_version_def8b042c06cdf847dd71ca9be009465b18c1d281692f8a09cc06ab42d8c01ed,1D 趋势压缩释放 ATR2.0 · 自动优化 1/3 · 自动优化 2/3,event_1d_squeeze_breakout_atr20_v1,1d,archived,data_evidence_gap,证据不完整,medium,medium,0.54,False
strategy_version_b1f514eeea7d2a74d3600ac81e904cd4e856a069e022f2119ddd8e371105a890,4H 牛市恢复收回 ATR1.5 持有24,event_4h_bull_recovery_atr15_h24_v1,4h,archived,signal_edge_failure,信号边际为负,critical,high,0.98,False
strategy_version_b6d73bdeb0780cb33b6b5575ab274e073e904378053600657b59f3b4e92e3833,4H 牛市恢复收回 ATR1.5 持有24 · 自动优化 1/3 · 自动优化 2/3 · 自动优化 3/3,event_4h_bull_recovery_atr15_h24_v1,4h,archived,data_evidence_gap,证据不完整,medium,medium,0.54,False
strategy_version_cf8af866637ba9ab2ef5c9b5e1b02e8f867bd045c057f791ba5420ea1ba7001c,4H 牛市恢复收回 ATR1.5 持有24 · 自动优化 1/3 · 自动优化 2/3,event_4h_bull_recovery_atr15_h24_v1,4h,archived,data_evidence_gap,证据不完整,medium,medium,0.54,False
strategy_version_f1df88d2400a1323e843d328bab257b3f4b71638ed9cf56f0b71e38b2a984add,4H 牛市恢复收回 ATR1.5 持有24 · 自动优化 1/3,event_4h_bull_recovery_atr15_h24_v1,4h,archived,data_evidence_gap,证据不完整,medium,medium,0.54,False
strategy_version_1fd24b16d5b80cefc1d5cd721feeb689d7cf7e7867164eaf88b5c9264dcf62ca,4H 牛市恢复收回 ATR1.8 持有24 · 自动优化 1/3 · 自动优化 2/3 · 自动优化 3/3,event_4h_bull_recovery_atr18_h24_v1,4h,archived,data_evidence_gap,证据不完整,medium,medium,0.54,False
strategy_version_6580234872b085574493975bce8f8b3e6b186f63b1e929de9052752a90d90ac5,4H 牛市恢复收回 ATR1.8 持有24,event_4h_bull_recovery_atr18_h24_v1,4h,archived,signal_edge_failure,信号边际为负,critical,high,0.98,False
strategy_version_93de266822ad32cff679d3b44838dc07cebe18524dcf481b3228e5f3ac678e01,4H 牛市恢复收回 ATR1.8 持有24 · 自动优化 1/3,event_4h_bull_recovery_atr18_h24_v1,4h,archived,data_evidence_gap,证据不完整,medium,medium,0.54,False
strategy_version_a6d3d076adbf69cb4672db3369d7052a82def12b13b9f322201ece7473cc0e56,4H 牛市恢复收回 ATR1.8 持有24 · 自动优化 1/3 · 自动优化 2/3,event_4h_bull_recovery_atr18_h24_v1,4h,archived,data_evidence_gap,证据不完整,medium,medium,0.54,False
strategy_version_215d29c941611ddf0d16158f24ba9aa417959f4b07eeef03efa913c061d1be86,4H 牛市恢复收回 ATR2.0 持有24 · 自动优化 1/3 · 自动优化 2/3,event_4h_bull_recovery_atr20_h24_v1,4h,archived,data_evidence_gap,证据不完整,medium,medium,0.54,False
strategy_version_3333d13e1341a84795ec19c8bd6ce8a08de5a06e5058e4623dce3bb4f05cd346,4H 牛市恢复收回 ATR2.0 持有24 · 自动优化 1/3,event_4h_bull_recovery_atr20_h24_v1,4h,archived,data_evidence_gap,证据不完整,medium,medium,0.54,False
strategy_version_ae40a1bece7e086d651b501745c96d2ce0c92d4764a8cdf3103b379c25a2ab0b,4H 牛市恢复收回 ATR2.0 持有24 · 自动优化 1/3 · 自动优化 2/3 · 自动优化 3/3,event_4h_bull_recovery_atr20_h24_v1,4h,archived,data_evidence_gap,证据不完整,medium,medium,0.54,False
strategy_version_def3abcc430827e0b9a0b4d82354bd97b609a909ed9cfa566da832348a28c29d,4H 牛市恢复收回 ATR2.0 持有24,event_4h_bull_recovery_atr20_h24_v1,4h,archived,signal_edge_failure,信号边际为负,critical,high,0.98,False
strategy_version_07b1418e7bd677f369d4324107846eb7e89e37418259510f43c24b81264e2066,4H 牛市恢复收回 ATR2.0 持有30 · 自动优化 1/3 · 自动优化 2/3,event_4h_bull_recovery_atr20_h30_v1,4h,archived,data_evidence_gap,证据不完整,medium,medium,0.54,False
strategy_version_4bad11c8c9421bb6ad2e14dc21443f03ebc8e06de44e78ef66cb3dea203696d2,4H 牛市恢复收回 ATR2.0 持有30 · 自动优化 1/3,event_4h_bull_recovery_atr20_h30_v1,4h,archived,data_evidence_gap,证据不完整,medium,medium,0.54,False
strategy_version_6cf37c25ddfbeac31172f995d0f943d7ef1cf7412a6e142320aca30a813e6a9e,4H 牛市恢复收回 ATR2.0 持有30 · 自动优化 1/3 · 自动优化 2/3 · 自动优化 3/3,event_4h_bull_recovery_atr20_h30_v1,4h,archived,data_evidence_gap,证据不完整,medium,medium,0.54,False
strategy_version_9d6fc684a332bf985f820e2bb9e36e55991300dc96fb3a6f4f448aa645e7f7bb,4H 牛市恢复收回 ATR2.0 持有30,event_4h_bull_recovery_atr20_h30_v1,4h,archived,signal_edge_failure,信号边际为负,critical,high,0.98,False
strategy_version_31987e8107f5a7abef67f3a6d124d5c391e84ca071f444bb89b1e7f8201c0ea3,4H 牛市恢复收回 ATR2.0 持有36 · 自动优化 1/3 · 自动优化 2/3 · 自动优化 3/3,event_4h_bull_recovery_atr20_h36_v1,4h,archived,data_evidence_gap,证据不完整,medium,medium,0.54,False
strategy_version_e4ec831cb4a7746c8ca408759ee34911f495ac3d8001b1a9ca938c7afb9c72ab,4H 牛市恢复收回 ATR2.0 持有36 · 自动优化 1/3 · 自动优化 2/3,event_4h_bull_recovery_atr20_h36_v1,4h,archived,data_evidence_gap,证据不完整,medium,medium,0.54,False
strategy_version_efb4f03f80fe19c7c18f6eae171c99a2fc5aeb7928c771d0a406de74f8fe6599,4H 牛市恢复收回 ATR2.0 持有36,event_4h_bull_recovery_atr20_h36_v1,4h,archived,signal_edge_failure,信号边际为负,critical,high,0.98,False
strategy_version_f8cc3b3443785f8ee518a1a2580d4ee8351a91a6cf3fb066154da5478aa3bae2,4H 牛市恢复收回 ATR2.0 持有36 · 自动优化 1/3,event_4h_bull_recovery_atr20_h36_v1,4h,archived,data_evidence_gap,证据不完整,medium,medium,0.54,False
strategy_version_90b5ec579c9a9de31b451f180ba3090761515819d60d58fe9f9651e9c59cea3a,15m EMA20 回收反弹 ATR1.4,short_cycle_15m_ema_reclaim_long_v1,15m,archived,signal_edge_failure,信号边际为负,critical,high,0.98,False
strategy_version_56a0c46b8d1d62badb98d2e0801d00f8978599cac284778a30bf58ab960005d7,15m 趋势动量延续 ATR1.4,short_cycle_15m_momentum_continuation_long_v1,15m,archived,signal_edge_failure,信号边际为负,critical,high,0.98,False
strategy_version_af60f98c20f23db4a5e0c651fa7090401abf1a98950a6e4b3026c66e7ba591b3,15m 跌破放量延续 ATR1.4,short_cycle_15m_short_breakdown_momentum_v1,15m,archived,signal_edge_failure,信号边际为负,critical,high,0.98,False
strategy_version_cc234c31716b9359905692f57d1f79d78738af680ea1bb49aada9b1f33f55242,15m 上影拒绝回落 ATR1.4,short_cycle_15m_short_rejection_v1,15m,archived,signal_edge_failure,信号边际为负,critical,high,0.98,False
strategy_version_44d8fd5fbe79f93368e8705472634fb9f011edcd8715c95004514cc861518c43,15m 低波压缩突破 ATR1.4,short_cycle_15m_squeeze_breakout_long_v1,15m,archived,signal_edge_failure,信号边际为负,critical,high,0.98,False
strategy_version_43859382282f4cdeb65b2c03a88bed89d22be7de22d232792ef8192805c27313,5m 放量突破延续 ATR1.2,short_cycle_5m_breakout_volume_long_v1,5m,archived,signal_edge_failure,信号边际为负,critical,high,0.98,False
strategy_version_a0b6083231c6de31c893bc8033603f51ed6414e86c0c28f44ac5362b4ef18008,5m EMA20 回收反弹 ATR1.2,short_cycle_5m_ema_reclaim_long_v1,5m,archived,signal_edge_failure,信号边际为负,critical,high,0.98,False
strategy_version_efdfb8d728ab2c36e846f1773c6d5bd524c39c28c9bc05b009abcfe1d7cd5122,5m 极端超卖收回 ATR1.2,short_cycle_5m_mean_reversion_reclaim_long_v1,5m,archived,signal_edge_failure,信号边际为负,critical,high,0.98,False
strategy_version_b5058256b2435926a06fb8f360a0891a57b1983d755029ae51185378156dab7f,5m 跌破放量延续 ATR1.2,short_cycle_5m_short_breakdown_momentum_v1,5m,archived,signal_edge_failure,信号边际为负,critical,high,0.98,False
strategy_version_e941bd5162ebef4bae97bc3340750898cb8c036021c37c5a3ea0547ac60d6da9,5m 上影拒绝回落 ATR1.2,short_cycle_5m_short_rejection_v1,5m,archived,signal_edge_failure,信号边际为负,critical,high,0.98,False
strategy_version_051d770d30bfa1d65580a44b4dd73a6527e9ea681531c2449d9cc1f0bc7fd5a8,15m 假突破弱趋势反转 因子后继 ATR1.2 · 自动优化 1/3 · 自动优化 2/3,short_cycle_event_15m_failed_breakout_factor_v2,15m,archived,data_evidence_gap,证据不完整,medium,medium,0.54,False
strategy_version_102767c170500ec47b51538c17deea4e3e96950cb8ebd47611079424e8a8d526,15m 假突破弱趋势反转 因子后继 ATR1.2 · 自动优化 1/3,short_cycle_event_15m_failed_breakout_factor_v2,15m,archived,data_evidence_gap,证据不完整,medium,medium,0.54,False
strategy_version_49287f463d315ea22e9c6636e0e9096169b01e5cbf9361a6befd7807a618d3d2,15m 假突破弱趋势反转 因子后继 ATR1.2 · 自动优化 1/3 · 自动优化 2/3,short_cycle_event_15m_failed_breakout_factor_v2,15m,archived,data_evidence_gap,证据不完整,medium,medium,0.54,False
strategy_version_4b3df3cc6fd3deac9ab6c8031620c09adbf238f315b8a404eab50ab57ef32ed8,15m 假突破弱趋势反转 因子后继 ATR1.2 · 自动优化 1/3 · 自动优化 2/3 · 自动优化 3/3,short_cycle_event_15m_failed_breakout_factor_v2,15m,archived,data_evidence_gap,证据不完整,medium,medium,0.54,False
strategy_version_57dfa8d5b1d318e25add2c2e310435cc5bfd03aa8c574907a3c877f66ab41527,15m 假突破弱趋势反转 因子后继 ATR1.2 · 自动优化 1/3 · 自动优化 2/3 · 自动优化 3/3,short_cycle_event_15m_failed_breakout_factor_v2,15m,archived,data_evidence_gap,证据不完整,medium,medium,0.54,False
strategy_version_5f27f24019c5fff46eaf083dc5a57c78029afb8f3c8fe3bab4f3dbe3093a8785,15m 假突破弱趋势反转 因子后继 ATR1.2,short_cycle_event_15m_failed_breakout_factor_v2,15m,archived,risk_model_failure,账户风险路径不合格,high,high,0.98,False
strategy_version_a92bde6bb51629d1f7c5d74017594a46e9ee593dbe525412b89e6c8be24147ec,15m 假突破弱趋势反转 因子后继 ATR1.2 · 自动优化 1/3,short_cycle_event_15m_failed_breakout_factor_v2,15m,archived,data_evidence_gap,证据不完整,medium,medium,0.54,False
strategy_version_b6255a41f413596f115dca1be2b5f3009316daffda063bf8d6a5a92ad085005d,15m 假突破弱趋势反转 因子后继 ATR1.2,short_cycle_event_15m_failed_breakout_factor_v2,15m,archived,signal_edge_failure,信号边际为负,critical,high,0.98,False
strategy_version_0acc80e3066795e4e60ce7f1f6e515e44a5dafec72206a70b5ddf31a0caab6fa,15m 弱势回抽市场斜率确认 因子后继 ATR1.2 / structural redesign G1 / structural redesign G2 / structural redesign G3,short_cycle_event_15m_failed_reclaim_factor_v2,15m,archived,signal_edge_failure,信号边际为负,critical,high,0.98,False
strategy_version_42ff5a0967ca0cbc4c0840c5eb29bd5010694ac3c33ac432e9126e75e0125b83,15m 弱势回抽市场斜率确认 因子后继 ATR1.2 · 自动优化 1/3 / structural redesign G1 / structural redesign G2,short_cycle_event_15m_failed_reclaim_factor_v2,15m,archived,signal_edge_failure,信号边际为负,critical,high,0.98,False
strategy_version_5949f992c2c59cd58b8d2e8de59d0506a55dbb18170c583c77baa67e9f0f60c1,15m 弱势回抽市场斜率确认 因子后继 ATR1.2,short_cycle_event_15m_failed_reclaim_factor_v2,15m,archived,signal_edge_failure,信号边际为负,critical,high,0.98,False
strategy_version_70f43cd7f1dcb5f78fa7affb316a847e28532df2faff1f6377954bd9eb2210eb,15m 弱势回抽市场斜率确认 因子后继 ATR1.2 · 自动优化 1/3 / structural redesign G1 / structural redesign G2 / structural redesign G3,short_cycle_event_15m_failed_reclaim_factor_v2,15m,archived,signal_edge_failure,信号边际为负,critical,high,0.98,False
strategy_version_7648bdf27d09229957e4021b46696ad28962e61ac9a7deec0bfe2145895e0440,15m 弱势回抽市场斜率确认 因子后继 ATR1.2 / structural redesign G1,short_cycle_event_15m_failed_reclaim_factor_v2,15m,archived,signal_edge_failure,信号边际为负,critical,high,0.98,False
strategy_version_8506420e16871fe6bb9802534a11ab73aed3ede36439f51647194c09be06f3d6,15m 弱势回抽市场斜率确认 因子后继 ATR1.2 · 自动优化 1/3,short_cycle_event_15m_failed_reclaim_factor_v2,15m,archived,data_evidence_gap,证据不完整,medium,medium,0.54,False
strategy_version_b8838dd313b08b205fcfbf6ded95119d2b7f0eacbf2164b024159de0448f6729,15m 弱势回抽市场斜率确认 因子后继 ATR1.2 / structural redesign G1 / structural redesign G2,short_cycle_event_15m_failed_reclaim_factor_v2,15m,archived,signal_edge_failure,信号边际为负,critical,high,0.98,False
strategy_version_d8dcd3fe385e3e58f78a78920dca6045a14d5136143f0cb035209c534bd4f09a,15m 弱势回抽市场斜率确认 因子后继 ATR1.2 · 自动优化 1/3 / structural redesign G1,short_cycle_event_15m_failed_reclaim_factor_v2,15m,archived,signal_edge_failure,信号边际为负,critical,high,0.98,False
strategy_version_f97cf619cb9d530813b0121699e0f0e8e5cac398c1eb2755887ac38f9d74d371,15m 弱势回抽市场斜率确认 因子后继 ATR1.2,short_cycle_event_15m_failed_reclaim_factor_v2,15m,archived,signal_edge_failure,信号边际为负,critical,high,0.98,False
strategy_version_2debfaffad01ab223bc4382eb2dc40b925b8275ff98cfaf1fdee9ec3ee213533,15m 弱势回抽区间衰竭 影子候选 ATR1.2,short_cycle_event_15m_failed_reclaim_range_shadow_v2,15m,archived,signal_edge_failure,信号边际为负,critical,high,0.98,False
strategy_version_600ecd1594f83b9f368cd6f87b4d261aa4fa1972dd06cbd407943db6dcca5946,15m 弱势回抽区间衰竭 影子候选 ATR1.2 / structural redesign G1 / structural redesign G2,short_cycle_event_15m_failed_reclaim_range_shadow_v2,15m,archived,signal_edge_failure,信号边际为负,critical,high,0.98,False
strategy_version_7b0f055c5cf13d5680a9fef3889080f38138700e0701c779b05f36f3acdae4a7,15m 弱势回抽区间衰竭 影子候选 ATR1.2 / structural redesign G1 / structural redesign G2 / structural redesign G3,short_cycle_event_15m_failed_reclaim_range_shadow_v2,15m,archived,signal_edge_failure,信号边际为负,critical,high,0.98,False
strategy_version_7f46ed77e59d22ffa4d0fa87faf504afdcc0e008f27d9af19c4cb3f2ab0df34e,15m 弱势回抽区间衰竭 影子候选 ATR1.2 / structural redesign G1,short_cycle_event_15m_failed_reclaim_range_shadow_v2,15m,archived,signal_edge_failure,信号边际为负,critical,high,0.98,False
strategy_version_478f9f11defb41a12d3422e919a786c410331a2e623c5fe6106771b90d883cdf,15m 趋势回踩波动环境确认 因子后继 ATR1.2,short_cycle_event_15m_trend_reclaim_btc_factor_v2,15m,archived,signal_edge_failure,信号边际为负,critical,high,0.98,False
strategy_version_66e6438416f92c8ffd1d81825ebc346cef2e2d1126c06aec40edcad669a48f82,15m 趋势回踩波动环境确认 因子后继 ATR1.2 · 自动优化 1/3,short_cycle_event_15m_trend_reclaim_btc_factor_v2,15m,archived,data_evidence_gap,证据不完整,medium,medium,0.54,False
strategy_version_8a06606fc225797dae5372f3255dd523886318e34db2712f39be08eca5ebe7cb,15m 趋势回踩波动环境确认 因子后继 ATR1.2 · 自动优化 1/3 · 自动优化 2/3,short_cycle_event_15m_trend_reclaim_btc_factor_v2,15m,archived,data_evidence_gap,证据不完整,medium,medium,0.54,False
strategy_version_b1f6e99e039ff58696a1995b281f9909971f165f33d3f9b9c0f7f88a2037a4f4,15m 趋势回踩波动环境确认 因子后继 ATR1.2 / structural redesign G1,short_cycle_event_15m_trend_reclaim_btc_factor_v2,15m,archived,signal_edge_failure,信号边际为负,critical,high,0.98,False
strategy_version_d481c4d476b7157aab07300ddb2d88b0263826a676157229d1c5979c0f649052,15m 趋势回踩波动环境确认 因子后继 ATR1.2,short_cycle_event_15m_trend_reclaim_btc_factor_v2,15m,archived,signal_edge_failure,信号边际为负,critical,high,0.98,False
strategy_version_e54c6d21101670f4035a95cc288935478405df861927c1913f85d66ba7e7ba12,15m 趋势回踩波动环境确认 因子后继 ATR1.2 / structural redesign G1 / structural redesign G2,short_cycle_event_15m_trend_reclaim_btc_factor_v2,15m,archived,signal_edge_failure,信号边际为负,critical,high,0.98,False
strategy_version_f57167df0733f842693266e35e7e53a11a23481b210fc061dd09ab9b472a6cb6,15m 趋势回踩波动环境确认 因子后继 ATR1.2 · 自动优化 1/3 · 自动优化 2/3 · 自动优化 3/3,short_cycle_event_15m_trend_reclaim_btc_factor_v2,15m,archived,data_evidence_gap,证据不完整,medium,medium,0.54,False
strategy_version_0f34034aa483a51e8661fc52f21b07fcdc66721ddf6e34ac71af1a5bc9defba8,15m 趋势回踩双趋势确认 因子后继 ATR1.2 · 自动优化 1/3,short_cycle_event_15m_trend_reclaim_factor_v2,15m,archived,data_evidence_gap,证据不完整,medium,medium,0.54,False
strategy_version_268f0e725a029dfdb7af12f0e8da945783b93d8d64b939ca24ff5becf71e58c0,15m 趋势回踩双趋势确认 因子后继 ATR1.2,short_cycle_event_15m_trend_reclaim_factor_v2,15m,archived,signal_edge_failure,信号边际为负,critical,high,0.98,False
strategy_version_6211d730e6b05cd8bc673fd471033c98853d51455f2bfdc3dfca889f413737c7,15m 趋势回踩双趋势确认 因子后继 ATR1.2,short_cycle_event_15m_trend_reclaim_factor_v2,15m,archived,signal_edge_failure,信号边际为负,critical,high,0.98,False
strategy_version_6f3bb58158a5453e2783f0669fb58036e8f01c9092e0d7e2023488bd05f501dc,15m 趋势回踩双趋势确认 因子后继 ATR1.2 · 自动优化 1/3,short_cycle_event_15m_trend_reclaim_factor_v2,15m,archived,data_evidence_gap,证据不完整,medium,medium,0.54,False
strategy_version_7b6b7d5a43b8eceb1b328d96d6ccb3463534000907ca38508204b0cabe283def,15m 趋势回踩双趋势确认 因子后继 ATR1.2 · 自动优化 1/3 · 自动优化 2/3,short_cycle_event_15m_trend_reclaim_factor_v2,15m,archived,data_evidence_gap,证据不完整,medium,medium,0.54,False
strategy_version_ba474ee29787b274e3061b23954bf9de5fb34559603cae672407e34e4cc7280b,15m 趋势回踩双趋势确认 因子后继 ATR1.2 · 自动优化 1/3 · 自动优化 2/3,short_cycle_event_15m_trend_reclaim_factor_v2,15m,archived,data_evidence_gap,证据不完整,medium,medium,0.54,False
strategy_version_ef3ff0b839aeab7c2337a19223bd80816791ce64a73414db41a1e4fe93fd1c32,15m 趋势回踩双趋势确认 因子后继 ATR1.2 · 自动优化 1/3 · 自动优化 2/3 · 自动优化 3/3,short_cycle_event_15m_trend_reclaim_factor_v2,15m,archived,data_evidence_gap,证据不完整,medium,medium,0.54,False
strategy_version_fdac04218117704b3b58f5479d97e318a844460082ac08c96eddd464b99e5f9d,15m 趋势回踩双趋势确认 因子后继 ATR1.2 · 自动优化 1/3 · 自动优化 2/3 · 自动优化 3/3,short_cycle_event_15m_trend_reclaim_factor_v2,15m,archived,data_evidence_gap,证据不完整,medium,medium,0.54,False
strategy_version_26aeb30fb49c410273164169fe7f3378df9b42ddcb63f32a84b8f22620b156aa,1H 突破回踩 BTC 顺势确认 因子后继 ATR1.2 · 自动优化 1/3 · 自动优化 2/3,short_cycle_event_1h_breakout_retest_btc_factor_v2,1h,archived,data_evidence_gap,证据不完整,medium,medium,0.54,False
strategy_version_7f42ff1f4e210f740b33bbe8a2145650f7921e043bce5a49338038be7c7f22e5,1H 突破回踩 BTC 顺势确认 因子后继 ATR1.2 · 自动优化 1/3,short_cycle_event_1h_breakout_retest_btc_factor_v2,1h,archived,data_evidence_gap,证据不完整,medium,medium,0.54,False
strategy_version_912e6c76fd9be3a157110cfd841138b89e35bfdc02fb31fd88de5b0465dd52e3,1H 突破回踩 BTC 顺势确认 因子后继 ATR1.2 · 自动优化 1/3 · 自动优化 2/3 · 自动优化 3/3,short_cycle_event_1h_breakout_retest_btc_factor_v2,1h,archived,data_evidence_gap,证据不完整,medium,medium,0.54,False
strategy_version_a2c0736f1f1de60ef2e571761970cbf64c35688ebc4631c55c2dc6570a557778,1H 突破回踩 BTC 顺势确认 因子后继 ATR1.2,short_cycle_event_1h_breakout_retest_btc_factor_v2,1h,archived,risk_model_failure,账户风险路径不合格,high,high,0.98,False
strategy_version_90f1a74648f04518ca30c859e03df33eacc3319729dd57666d48ca0a98214635,1H 假突破事件窗口反转 影子候选 ATR1.2 · 自动优化 1/3,short_cycle_event_1h_failed_breakout_shadow_v2,1h,archived,data_evidence_gap,证据不完整,medium,medium,0.54,False
strategy_version_bf40d520f3d5377369e26011ab0fd5e407a2467bdd988f850e31c48c92c87d82,1H 假突破事件窗口反转 影子候选 ATR1.2,short_cycle_event_1h_failed_breakout_shadow_v2,1h,archived,signal_edge_failure,信号边际为负,critical,high,0.98,False
strategy_version_f43f35d8b888e5ba4c4547c64ab694f05ae154efb87f4a1e54079acca262acd1,1H 假突破事件窗口反转 影子候选 ATR1.2 · 自动优化 1/3 / structural redesign G1,short_cycle_event_1h_failed_breakout_shadow_v2,1h,archived,signal_edge_failure,信号边际为负,critical,high,0.98,False
strategy_version_88faec144670c4d2616165b38d49d69a719cf1786d79eecfc667655a014247e7,1H 弱势回抽窗口失败 影子候选 ATR1.2 · 自动优化 1/3,short_cycle_event_1h_failed_reclaim_shadow_v2,1h,archived,data_evidence_gap,证据不完整,medium,medium,0.54,False
strategy_version_8d506708d4ebdde53ba345af5de78bba3a4d6ebb62e6cb11df04ae44dc29bf1d,1H 弱势回抽窗口失败 影子候选 ATR1.2,short_cycle_event_1h_failed_reclaim_shadow_v2,1h,archived,signal_edge_failure,信号边际为负,critical,high,0.98,False
strategy_version_95fc1bd06a2446a117a6c2bfc6cbd5dac189be5d736162f43dbd2141f5496a4c,1H 弱势回抽窗口失败 影子候选 ATR1.2 · 自动优化 1/3 · 自动优化 2/3 · 自动优化 3/3,short_cycle_event_1h_failed_reclaim_shadow_v2,1h,archived,data_evidence_gap,证据不完整,medium,medium,0.54,False
strategy_version_f612a19affa1c180f37c0d19ef570f7df7faff0303aa28027d3bd7966fcc44f5,1H 弱势回抽窗口失败 影子候选 ATR1.2 · 自动优化 1/3 · 自动优化 2/3,short_cycle_event_1h_failed_reclaim_shadow_v2,1h,archived,data_evidence_gap,证据不完整,medium,medium,0.54,False
strategy_version_008755a2a01fd04eff4ef5af84ad2aab605938a29f9d1d0da1f91ce4c6bc5743,1H 深弱势扫低收回 因子后继 ATR1.2 · 自动优化 1/3 · 自动优化 2/3,short_cycle_event_1h_sweep_reclaim_factor_v2,1h,archived,data_evidence_gap,证据不完整,medium,medium,0.54,False
strategy_version_05c158de451321444bd1ef4485305b239a0d1bdb67b369f08f95a53295bd4d8e,1H 深弱势扫低收回 因子后继 ATR1.2,short_cycle_event_1h_sweep_reclaim_factor_v2,1h,archived,risk_model_failure,账户风险路径不合格,high,high,0.98,False
strategy_version_070fe0786f96157c8b930e07762fe18a5901501669509245cabbb7546e84e3fa,1H 深弱势扫低收回 因子后继 ATR1.2 · 自动优化 1/3,short_cycle_event_1h_sweep_reclaim_factor_v2,1h,archived,data_evidence_gap,证据不完整,medium,medium,0.54,False
strategy_version_08a6d7f0bf3b30686b3358f3d7c51648eb66211e47607041678b82e8d2fa03bf,1H 深弱势扫低收回 因子后继 ATR1.2 · 自动优化 1/3 · 自动优化 2/3 · 自动优化 3/3,short_cycle_event_1h_sweep_reclaim_factor_v2,1h,archived,data_evidence_gap,证据不完整,medium,medium,0.54,False
strategy_version_3cd09d9ea9cb666713fde7e1a522c6cb7423b28603732ebadd6017fae4ca8bde,1H 深弱势扫低收回 因子后继 ATR1.2 · 自动优化 1/3,short_cycle_event_1h_sweep_reclaim_factor_v2,1h,archived,data_evidence_gap,证据不完整,medium,medium,0.54,False
strategy_version_54dc908bb921b1f0dd2a92a53f505dea54d895e7e27d998bb6b828f719489430,1H 深弱势扫低收回 因子后继 ATR1.2,short_cycle_event_1h_sweep_reclaim_factor_v2,1h,archived,risk_model_failure,账户风险路径不合格,high,high,0.98,False
strategy_version_5f8e3557f87886ff3f47b77423888c7122c41a1e8eda4be86fdc5a03850559ef,1H 深弱势扫低收回 因子后继 ATR1.2 · 自动优化 1/3 · 自动优化 2/3 · 自动优化 3/3,short_cycle_event_1h_sweep_reclaim_factor_v2,1h,archived,data_evidence_gap,证据不完整,medium,medium,0.54,False
strategy_version_8e5ffdc72dad09b0da8b1fb7e31e77cea4db1f3a70a49a9886d2058393f30be1,1H 深弱势扫低收回 因子后继 ATR1.2 · 自动优化 1/3 · 自动优化 2/3,short_cycle_event_1h_sweep_reclaim_factor_v2,1h,archived,data_evidence_gap,证据不完整,medium,medium,0.54,False
strategy_version_6d8af5c6519fd0fdc135b17995f893d399372140cb336239614f53ef9ea6807a,1H 趋势回踩分步确认 影子候选 ATR1.2,short_cycle_event_1h_trend_reclaim_shadow_v2,1h,archived,signal_edge_failure,信号边际为负,critical,high,0.98,False
strategy_version_7117759988d7ddd9a56d6cef98ad471e762476b38f6ea6b1d81d38095b098578,1H 趋势回踩分步确认 影子候选 ATR1.2 · 自动优化 1/3 · 自动优化 2/3 · 自动优化 3/3,short_cycle_event_1h_trend_reclaim_shadow_v2,1h,archived,data_evidence_gap,证据不完整,medium,medium,0.54,False
strategy_version_b08802981c5ca148ee8040064ee9f85956155192863c577d5aa715f51d2c4205,1H 趋势回踩分步确认 影子候选 ATR1.2 · 自动优化 1/3,short_cycle_event_1h_trend_reclaim_shadow_v2,1h,archived,data_evidence_gap,证据不完整,medium,medium,0.54,False
strategy_version_cc56bf57787ceca514c9d47b8a09ed308ca773e0f59953f7a36d88d8f128b8c3,1H 趋势回踩分步确认 影子候选 ATR1.2 · 自动优化 1/3 · 自动优化 2/3,short_cycle_event_1h_trend_reclaim_shadow_v2,1h,archived,data_evidence_gap,证据不完整,medium,medium,0.54,False
strategy_version_1c38fc6ed85dc65fb2df9134a09c165f1148ab7d913b4f8e31b8ede6ce5e31b7,5m 突破回踩环境确认 学习版 ATR1.8 / structural redesign G1 / structural redesign G2,short_cycle_event_5m_breakout_retest_learned_v1,5m,archived,signal_edge_failure,信号边际为负,critical,high,0.98,False
strategy_version_476e8ff51bb5532f030cb68aa62577882d04c94793a47f175dc67ac48c4fce92,5m 突破回踩环境确认 学习版 ATR1.8,short_cycle_event_5m_breakout_retest_learned_v1,5m,archived,signal_edge_failure,信号边际为负,critical,high,0.98,False
strategy_version_fbbe4f5549fe615a6bea39ca96c721a9bd5360969d16e2ce21edf7e61cff1d97,5m 突破回踩环境确认 学习版 ATR1.8 / structural redesign G1,short_cycle_event_5m_breakout_retest_learned_v1,5m,archived,signal_edge_failure,信号边际为负,critical,high,0.98,False
strategy_version_1a351293766540f261a4573759afb5ed1e953c8e130b54a3b08d096002e5acc2,5m 假突破反转环境确认 学习版 ATR2.2 · 自动优化 1/3 · 自动优化 2/3,short_cycle_event_5m_failed_breakout_learned_v1,5m,archived,data_evidence_gap,证据不完整,medium,medium,0.54,False
strategy_version_67ec8ca4c22089d6cf5cfaa6a023f44d4267260642c410c71e330b866818733d,5m 假突破反转环境确认 学习版 ATR2.2,short_cycle_event_5m_failed_breakout_learned_v1,5m,archived,signal_edge_failure,信号边际为负,critical,high,0.98,False
strategy_version_87377c7327a5e738817981aca3323c459c9ebbdeb871eb69bb3a449ea99b8552,5m 假突破反转环境确认 学习版 ATR2.2,short_cycle_event_5m_failed_breakout_learned_v1,5m,archived,signal_edge_failure,信号边际为负,critical,high,0.98,False
strategy_version_89e295379b1e3743c83c40cb3cf1de73fb105259560712ffe5d84155c2de721f,5m 假突破反转环境确认 学习版 ATR2.2 · 自动优化 1/3 · 自动优化 2/3 · 自动优化 3/3,short_cycle_event_5m_failed_breakout_learned_v1,5m,archived,data_evidence_gap,证据不完整,medium,medium,0.54,False
strategy_version_91de4d170f88a7f3fa3bc2026037c0c7d7be1cf595f36a7d409169dd227232bd,5m 假突破反转环境确认 学习版 ATR2.2 · 自动优化 1/3,short_cycle_event_5m_failed_breakout_learned_v1,5m,archived,data_evidence_gap,证据不完整,medium,medium,0.54,False
strategy_version_d903737c250170c46357a04279cadcbb5861853a64be8d0846cffd92e730524a,5m 假突破反转环境确认 学习版 ATR2.2 · 自动优化 1/3 · 自动优化 2/3,short_cycle_event_5m_failed_breakout_learned_v1,5m,archived,data_evidence_gap,证据不完整,medium,medium,0.54,False
strategy_version_f1f52f75fea323b6bb8158522bbbedfdace5528f193b4ca30d8422a065764827,5m 假突破反转环境确认 学习版 ATR2.2 · 自动优化 1/3,short_cycle_event_5m_failed_breakout_learned_v1,5m,archived,data_evidence_gap,证据不完整,medium,medium,0.54,False
strategy_version_f8f0c0b9ebb3be2fc5ccfc38657004f689298bba4adbb18c6aacac6ccaac22bf,5m 假突破反转环境确认 学习版 ATR2.2 · 自动优化 1/3 · 自动优化 2/3 · 自动优化 3/3,short_cycle_event_5m_failed_breakout_learned_v1,5m,archived,data_evidence_gap,证据不完整,medium,medium,0.54,False
strategy_version_0eb0679140d8d52240033238128b58b483932aa2cd9ea0d42b236c7544d23b04,5m 弱势回抽结构确认 学习版 ATR2.2 · 自动优化 1/3 · 自动优化 2/3,short_cycle_event_5m_failed_reclaim_learned_v1,5m,archived,data_evidence_gap,证据不完整,medium,medium,0.54,False
strategy_version_4b162538a3bd3dfbcfd8a85d3bff37f615cdadab2f8b071e58f58c97415f3255,5m 弱势回抽结构确认 学习版 ATR2.2 · 自动优化 1/3 · 自动优化 2/3 · 自动优化 3/3,short_cycle_event_5m_failed_reclaim_learned_v1,5m,archived,data_evidence_gap,证据不完整,medium,medium,0.54,False
strategy_version_80e9a47d3312ef762535741122db189df131abcca7effa4373a2242d684413ac,5m 弱势回抽结构确认 学习版 ATR2.2,short_cycle_event_5m_failed_reclaim_learned_v1,5m,archived,signal_edge_failure,信号边际为负,critical,high,0.98,False
strategy_version_ddf1fe001b77c3656c6ecd6c5ec73332d4b8c1f96f31e522b68e07721ef32372,5m 弱势回抽结构确认 学习版 ATR2.2 · 自动优化 1/3,short_cycle_event_5m_failed_reclaim_learned_v1,5m,archived,data_evidence_gap,证据不完整,medium,medium,0.54,False
strategy_version_5b4fccd17b795568fa47313a5a1ab4d4e6decbcf2d53e1ba9c5b5c25609da5fa,5m 扫低收回环境确认 学习版 ATR2.2 · 自动优化 1/3 · 自动优化 2/3,short_cycle_event_5m_sweep_reclaim_learned_v1,5m,archived,data_evidence_gap,证据不完整,medium,medium,0.54,False
strategy_version_9aef8fee9a9d990b63f7e58f791bfcc09cc8d11dc5025e3bc677d0be29fef37e,5m 扫低收回环境确认 学习版 ATR2.2,short_cycle_event_5m_sweep_reclaim_learned_v1,5m,archived,signal_edge_failure,信号边际为负,critical,high,0.98,False
strategy_version_e6cb07d1ef5d7aab5aa754afc4271c3ebeb33286fe7eced01e57970fe70d99a8,5m 扫低收回环境确认 学习版 ATR2.2 · 自动优化 1/3 · 自动优化 2/3 · 自动优化 3/3,short_cycle_event_5m_sweep_reclaim_learned_v1,5m,archived,data_evidence_gap,证据不完整,medium,medium,0.54,False
strategy_version_f72a36958b84c96f46408cbfa33426e22520af1e4a1bce85bce7128761a18d49,5m 扫低收回环境确认 学习版 ATR2.2 · 自动优化 1/3,short_cycle_event_5m_sweep_reclaim_learned_v1,5m,archived,data_evidence_gap,证据不完整,medium,medium,0.54,False
strategy_version_05689a68b80d1be21e504bf002f7bd3c72c62e7be50e96d7619e3f8a84ef8740,5m 趋势回踩事件确认 学习版 ATR2.2 / structural redesign G1,short_cycle_event_5m_trend_reclaim_learned_v1,5m,archived,signal_edge_failure,信号边际为负,critical,high,0.98,False
strategy_version_222ddfc3e324d0a3b70952d3d87aaf587f787282173e75c6824ac854ebbc3d53,5m 趋势回踩事件确认 学习版 ATR2.2 / structural redesign G1 / structural redesign G2,short_cycle_event_5m_trend_reclaim_learned_v1,5m,archived,signal_edge_failure,信号边际为负,critical,high,0.98,False
strategy_version_330fd45b57f0fb1563554a5a63d92df7e0861e641f64a7ce0f0ef4264c930465,5m 趋势回踩事件确认 学习版 ATR2.2 · 自动优化 1/3 · 自动优化 2/3 · 自动优化 3/3,short_cycle_event_5m_trend_reclaim_learned_v1,5m,archived,data_evidence_gap,证据不完整,medium,medium,0.54,False
strategy_version_56f30d9be22f531e5c43ee34c2e091944781080b42036dc6ebb766f42559f748,5m 趋势回踩事件确认 学习版 ATR2.2,short_cycle_event_5m_trend_reclaim_learned_v1,5m,archived,signal_edge_failure,信号边际为负,critical,high,0.98,False
strategy_version_b525a32c667f3053b47bea4718f54529a518aca69ce840806c3ff5cf60d2e70c,5m 趋势回踩事件确认 学习版 ATR2.2 · 自动优化 1/3 · 自动优化 2/3,short_cycle_event_5m_trend_reclaim_learned_v1,5m,archived,data_evidence_gap,证据不完整,medium,medium,0.54,False
strategy_version_c42374d5557924f4d158a08fe251aafaf43065596bad5e5dfdccb85269724df0,5m 趋势回踩事件确认 学习版 ATR2.2 · 自动优化 1/3,short_cycle_event_5m_trend_reclaim_learned_v1,5m,archived,data_evidence_gap,证据不完整,medium,medium,0.54,False
strategy_version_c81768821ef2c1eea5d4f60b965305543d5ae915f6301367d3e7818be66535d1,5m 趋势回踩事件确认 学习版 ATR2.2,short_cycle_event_5m_trend_reclaim_learned_v1,5m,archived,signal_edge_failure,信号边际为负,critical,high,0.98,False
strategy_version_41229069456cb26804da55216affd5d5b59d73c282f2011e2a745d78cc0a99cc,15m 突破回踩确认 ATR1.2 / structural redesign G1 / structural redesign G2,short_cycle_evidence_15m_breakout_retest_continuation_long_v1,15m,archived,signal_edge_failure,信号边际为负,critical,high,0.98,False
strategy_version_767700b3d846848b535eb749a8f5974bb9426b6f5dd1be5b8b497cbac239ba27,15m 突破回踩确认 ATR1.2 / structural redesign G1,short_cycle_evidence_15m_breakout_retest_continuation_long_v1,15m,archived,signal_edge_failure,信号边际为负,critical,high,0.98,False
strategy_version_824b0d38365ab5990bc7eeaf5783bdead9922123eab822eb6ae02643635711a7,15m 突破回踩确认 ATR1.2,short_cycle_evidence_15m_breakout_retest_continuation_long_v1,15m,archived,signal_edge_failure,信号边际为负,critical,high,0.98,False
strategy_version_27fd5f3bec8eb25c95d6f72c51ad3531a0ea96778ee789d708183dbbd1ae32f7,15m 假突破反转 ATR1.2 / structural redesign G1 / structural redesign G2,short_cycle_evidence_15m_failed_breakout_reversal_short_v1,15m,archived,signal_edge_failure,信号边际为负,critical,high,0.98,False
strategy_version_56ce4f09a36b1f5f8bf125ca428ca700b50e28e304f887f860ffc5eba898ad3d,15m 假突破反转 ATR1.2 / structural redesign G1 / structural redesign G2 / structural redesign G3,short_cycle_evidence_15m_failed_breakout_reversal_short_v1,15m,archived,signal_edge_failure,信号边际为负,critical,high,0.98,False
strategy_version_a1b44db2521cbd01d478a1d613f8e5be2e939fa01ef108cc1b2d3c4febc241f3,15m 假突破反转 ATR1.2,short_cycle_evidence_15m_failed_breakout_reversal_short_v1,15m,archived,signal_edge_failure,信号边际为负,critical,high,0.98,False
strategy_version_bb45a7d27301d41c6b6de43c6330f09067dc53665cf86f5e5004d9a346cd020c,15m 假突破反转 ATR1.2 / structural redesign G1,short_cycle_evidence_15m_failed_breakout_reversal_short_v1,15m,archived,signal_edge_failure,信号边际为负,critical,high,0.98,False
strategy_version_542ff53cc36908de9bc994730c19ae2878afb17fa6a78c86880ec906cf07daba,15m 流动性扫低收回 ATR1.2,short_cycle_evidence_15m_liquidity_sweep_reclaim_long_v1,15m,archived,signal_edge_failure,信号边际为负,critical,high,0.98,False
strategy_version_c99f0d05baef1c0935cdcb5498f61b543e1a4c90b3579d88a6407bc7fe1e9f4e,15m 流动性扫低收回 ATR1.2 / structural redesign G1 / structural redesign G2,short_cycle_evidence_15m_liquidity_sweep_reclaim_long_v1,15m,archived,signal_edge_failure,信号边际为负,critical,high,0.98,False
strategy_version_e01df5e0e7a54eb711ceae12f5cb2c119fdfd08e439eb12b2f8fd2a0800a7dad,15m 流动性扫低收回 ATR1.2 / structural redesign G1,short_cycle_evidence_15m_liquidity_sweep_reclaim_long_v1,15m,archived,signal_edge_failure,信号边际为负,critical,high,0.98,False
strategy_version_506a9ce42ae1ea43c4a3827066b19599a95bc3100efba1ba4def848c165a9c25,5m 突破回踩确认 ATR1.0 / structural redesign G1,short_cycle_evidence_5m_breakout_retest_continuation_long_v1,5m,archived,signal_edge_failure,信号边际为负,critical,high,0.98,False
strategy_version_a7034e927ad35727e8887e5bd31e01c48f600e4a5b2e134133487ceff16dae06,5m 突破回踩确认 ATR1.0,short_cycle_evidence_5m_breakout_retest_continuation_long_v1,5m,archived,signal_edge_failure,信号边际为负,critical,high,0.98,False
strategy_version_ce7497f36d29fc9fd0fa18df052a89fee8618d4fa8739c391c5e0b2a750dc4c8,5m 突破回踩确认 ATR1.0 / structural redesign G1 / structural redesign G2,short_cycle_evidence_5m_breakout_retest_continuation_long_v1,5m,archived,signal_edge_failure,信号边际为负,critical,high,0.98,False
strategy_version_0cf51288ee566adefee0a3e66f65e8c314d09c5d67284d326ad1fe7842f9c0e9,5m 假突破反转 ATR1.0 / structural redesign G1 / structural redesign G2 / structural redesign G3,short_cycle_evidence_5m_failed_breakout_reversal_short_v1,5m,archived,signal_edge_failure,信号边际为负,critical,high,0.98,False
strategy_version_11a1166b371a5b2a5f2ab440b0430a80e5e7a0f10d6811440560eb56e8809cfc,5m 假突破反转 ATR1.0,short_cycle_evidence_5m_failed_breakout_reversal_short_v1,5m,archived,signal_edge_failure,信号边际为负,critical,high,0.98,False
strategy_version_426059f2af027d042d25eb5b63785a81604d5f7c191bab45b260a99fb8ef3d89,5m 假突破反转 ATR1.0 / structural redesign G1,short_cycle_evidence_5m_failed_breakout_reversal_short_v1,5m,archived,signal_edge_failure,信号边际为负,critical,high,0.98,False
strategy_version_b79a48926c60f1361b18d9256a706d4c89e8263e0a5ca1b7b4a04d49db40d1a9,5m 假突破反转 ATR1.0 / structural redesign G1 / structural redesign G2,short_cycle_evidence_5m_failed_breakout_reversal_short_v1,5m,archived,signal_edge_failure,信号边际为负,critical,high,0.98,False
strategy_version_b6b5376d3e8c0c0524410644db698c0e936279c821c630376663463fb61f2e89,5m 流动性扫低收回 ATR1.0,short_cycle_evidence_5m_liquidity_sweep_reclaim_long_v1,5m,archived,signal_edge_failure,信号边际为负,critical,high,0.98,False
strategy_version_c916ba5984c3db583c00a49bec3313700eed0b71ebdaf272a6f94dadf424e16d,5m 流动性扫低收回 ATR1.0 / structural redesign G1 / structural redesign G2,short_cycle_evidence_5m_liquidity_sweep_reclaim_long_v1,5m,archived,signal_edge_failure,信号边际为负,critical,high,0.98,False
strategy_version_dd299059536496f8a40644dc846bb5244f3a83d5d58cfd00dc547e9dad1e71b0,5m 流动性扫低收回 ATR1.0 / structural redesign G1,short_cycle_evidence_5m_liquidity_sweep_reclaim_long_v1,5m,archived,signal_edge_failure,信号边际为负,critical,high,0.98,False
strategy_version_4cc537b0d26717bf553e51f4d6dd9042523bae420e2013a1c71d8900b4d5fd9c,15m 压缩放量释放 ATR1.3,short_cycle_redesign_15m_compression_release_long_v1,15m,archived,signal_edge_failure,信号边际为负,critical,high,0.98,False
strategy_version_3753194cdc3c822f2141b1215f2921dcb9b6d6a622f53083a1d97fb2767be4ce,15m 弱势反抽失败 ATR1.2,short_cycle_redesign_15m_failed_reclaim_short_v1,15m,archived,signal_edge_failure,信号边际为负,critical,high,0.98,False
strategy_version_2df1a1f4ee5d4c3297f948fe4e1f80f2027b6b49eb7f4d1a33526ada531d09f0,15m 顺势回踩确认 ATR1.2,short_cycle_redesign_15m_trend_pullback_confirmation_long_v1,15m,archived,signal_edge_failure,信号边际为负,critical,high,0.98,False
strategy_version_76abedd146e0ba2af80185183b6e3b6c392bd144dd03f471669913f00f4c7623,5m 压缩放量释放 ATR1.1,short_cycle_redesign_5m_compression_release_long_v1,5m,archived,signal_edge_failure,信号边际为负,critical,high,0.98,False
strategy_version_29108b7e73fa0c17fc7aa025ad86ccf6e8eb365fa34f235b79250fd0ed6423f6,5m 弱势反抽失败 ATR1.0,short_cycle_redesign_5m_failed_reclaim_short_v1,5m,archived,signal_edge_failure,信号边际为负,critical,high,0.98,False
strategy_version_2c8eb0166c21ef2ecd3c1a4fa20a4e8bba01e456e84917ecdaf83502f0b7181c,5m 顺势回踩确认 ATR1.0,short_cycle_redesign_5m_trend_pullback_confirmation_long_v1,5m,archived,signal_edge_failure,信号边际为负,critical,high,0.98,False
